economy,inflation_rate,unemployment_rate,exports_percent_gdp,imports_percent_gdp,gross_savings_percent_gdp,education_expenditure_percent_gdp,health_expenditure_percent_gdp,urban_population_percent,manufacturing_percent_gdp,industry_value_added_percent_gdp,medical_doctors,life_expectancy,infant_mortality_rate,probability_of_dying,log_gdp_per_capita,log_manufacturing_value_added_per_capita,log_air_pollution
ABW,11.25039431437383,8.89113,74.91167866283767,78.54714599727261,11.51579036280146,3.61855755636695,6.06594137345,44.0686,7.8963253269291585,19.97680422579216,13.055999999999997,67.093129094,27.0031689697,21.32,10.26294639642391,19.29263559638535,7.45464494655136
AFE,6.994467256927774,8.066600270378569,25.53358471075482,28.0299798546774,19.890166501863145,4.029726492149763,5.905217603814448,37.91213823029453,10.59398615816186,26.38786613526936,20.038,71.113026885,20.804693504800003,19.09,7.323592317480368,25.491342956026546,8.632938258491322
AFG,2.640259869272658,13.018,14.998950114598848,44.6489863070085,-2.73776944122657,3.275618065505647,18.7403910175,26.6308,8.43811256717667,14.1816117638069,3.17,60.98603789,53.768424808,32.7,6.017560031911686,21.038837578188623,8.563517842514177
AFW,4.654425260102642,3.948651306178212,59.056088963747165,52.68184824393967,26.6859599923247,3.15074373629509,3.896020126615505,49.116983707836695,12.55747643146414,28.808896590588937,27.195999999999998,72.441722889,19.5253434444,18.779999999999994,7.3940271322502555,25.34560624167593,8.283791454366408
AGO,22.253144186334215,15.2184,41.8333335708139,26.045728443458263,32.2542234034848,2.46568496233736,2.94255495,68.06700000000001,7.460300075718716,45.55385896768696,2.44,64.25583857,38.27140163,24.7,7.672488879775182,22.48022310222535,8.29384861989882
ALB,3.47236294318002,10.7318,33.129102091034824,43.14560451833442,20.7661199083039,3.0379750132560703,6.989711997500001,63.7726,6.907922946878618,22.87068087950706,18.79,78.6123883,7.446014204,10.0,8.915225043433566,21.066631261824917,8.018856916691414
AND,11.628962725901827,9.739929999999998,48.73883303458753,57.49120964563387,16.452029138851948,2.3900030377652675,7.981898402000001,87.8212,3.692598812777835,12.269876963810798,50.68,67.76977864900002,2.175898501,20.970000000000002,10.684288269062186,18.628744551170993,7.425318970894482
ARB,3.076858441175136,10.24229549420664,43.180410809510626,37.122899847144495,29.025656701546826,3.76860740670194,5.095450427718642,59.112918040024525,11.96665989277018,43.12924075521776,21.549,71.566774342,21.128122627200003,18.48,8.86337950015596,26.718458893462735,9.777986935310752
ARE,1.336366334982986,2.911,103.764091697624,86.90277900290076,27.274278197272174,3.93910503387451,5.0520339,87.53540000000001,10.240017439584314,47.03008446932888,29.92,80.01707319,4.331527991,9.3,10.73141131657515,24.544410123214362,2.096790180014449
ARG,103.24561910074956,8.2034,15.80072351436198,14.1252784753002,16.556619456431783,5.155250108587793,10.1267981525,92.3458,15.57102990142828,23.79269130134252,51.06,71.59453095,8.889419737,10.9,9.413444225035308,25.191706581299854,7.65623403906922
ARM,3.85742278339431,14.719399999999998,50.33912220866156,54.14574712563626,19.54960346591996,2.60100245475769,11.47629428,63.597,11.16458257423046,25.04187921280664,33.6,68.59850963,7.981468579,30.0,8.768938645882338,21.471069050879315,5.313348825981534
ASM,7.093938868437033,8.74203,50.149162576463,88.46857175412457,19.120056938830494,5.278797266142713,5.74957006075,87.2074,3.4103136351130403,11.46853474036862,10.951,68.207852973,24.3160045968,26.130000000000003,9.675035730631631,16.928128222344764,7.388476518904003
ATG,4.297214016181245,8.578970000000002,47.85698076594783,56.49902531392886,19.745092923866842,2.78072403798006,5.2145081775,24.3658,2.74742164512344,20.062377777045125,29.17,76.91527032,7.880837753,11.6,9.88378212568579,17.666642723689446,0.15529288440603534
AUS,3.8127083762716607,4.608,24.62389072079676,20.84173320678314,24.2274349517168,5.262166817982993,10.3063459375,86.49159999999999,5.47010945150041,26.38173537649746,40.86,84.89781796,2.875502509,6.6,11.024007235343877,25.200831447241058,6.67083475956853
AUT,4.689499428978392,5.471,57.19342522500479,55.34923801178936,27.6813682809166,5.4459366798400906,11.198265076,59.2696,16.192259385909217,24.977785489750197,55.15,83.30324613,2.402026116,7.4,10.887113754378381,25.08310507252375,7.685604755989332
AZE,6.851993999857116,6.032,47.39962219289116,32.90293018012412,30.9854021741777,3.6862574815750127,4.6734344975,57.183400000000006,5.635232951017858,47.07481183880556,31.85,72.9129401,14.211105256,15.1,8.758739621712062,21.99858262935029,6.703615015969955
BDI,16.336099926088615,0.9772,4.952414050627548,23.4586566154957,11.063775237403208,5.0963634036555305,9.2896373275,14.4254,6.390225489358643,10.403432785998625,0.78,62.04709297,31.460824111,26.2,5.323730055334241,18.878171947522986,6.709666469803431
BEL,3.9942108387052024,5.675800000000001,85.49247283294088,85.24461054318854,25.12397581125778,6.47126340866089,10.9584202775,98.1524,11.36902748519544,18.542119264813643,65.25,79.28523112,2.695558167,9.2,10.855286277898966,24.95333097865342,5.786078027382983
BEN,2.00133422797562,1.669,20.0900565319561,24.42446749908978,25.790989034950524,3.0807295471041427,2.6206537475,49.538,9.845537637073262,16.892360299884338,2.16,61.71936134,41.429104263,20.8,7.1959118878692525,21.31918856886526,7.254362412167208
BFA,3.242928498962943,5.2286,30.733681005577,32.51725478644882,16.975517075593675,5.270690545109055,6.2811186325,31.882,10.291375130950325,29.1292293349923,1.48,62.29728841,44.803785879,21.3,6.787146163222192,21.442468916914727,6.977855803461621
BGD,7.856586948219818,4.898,11.52122905386406,17.58606436618322,35.29474381782056,2.11851239262263,2.321040215,39.70739999999999,21.56676072107338,33.76783743092166,7.22,73.10251672,26.003526196,16.3,7.831825250492441,25.24906879747178,8.752397162610768
BGR,6.436961015787171,4.6166,61.18285990274384,58.67284883827914,20.149981297057757,4.564433415730793,7.9643096925,76.36240000000001,12.125503457072083,22.602285353783863,43.28,71.30586,4.5622918,25.6,9.561604245078748,23.11456513045632,4.590259573252337
BHR,0.3391943005254287,1.3808,85.01029096233732,68.45205837088062,34.2810460754826,1.87722035661242,4.2522783275,89.7478,19.9101818710842,43.28607389968305,7.41,75.09466059,6.931431855,14.8,10.249234651230543,22.859681729398638,4.482968653134239
BHS,2.40218366838027,9.8874,32.799781511722685,37.42585715956882,14.453552093338764,3.031753866187475,6.920926335,83.4982,1.2825282882611986,10.574827975201156,18.95,70.43274063,11.365536785,20.4,10.42937515388736,18.904340705810814,0.0880108773227133
BIH,4.549843109079684,12.9626,42.362924444704774,55.31607297589958,21.35454154336672,3.3428872514667747,9.22503829,49.8526,13.17392872072618,23.79985246899112,25.84,77.19796586,4.896030499,21.7,8.954328671184125,21.907538985386264,5.263342825632131
BLR,8.200804176014056,3.669,65.19714254383288,62.497888573669954,26.68764327921968,4.762189984321595,6.373027205,80.315,22.14205528806972,31.78563441253114,47.17,73.12324771,1.664756735,23.8,8.942346526905308,23.47354564588451,3.3332396884789284
BLZ,3.4626728931730875,9.0272,48.5045735701551,50.54521776724042,21.55450171957225,4.926872542608036,4.872220395,46.413599999999995,6.518560097086848,15.763103091121224,10.86,71.36484263,9.675644416,15.4,8.833839843616534,18.942965466738887,2.4294820261823964
BMU,8.181562433580188,8.327609999999998,50.375093614854464,23.60655937863474,41.96444037649835,1.833734757306585,6.389569509999999,100.0,0.3424650888278689,5.224296257525275,17.386000000000003,67.642731134,27.1288359835,21.08,11.716519101286744,17.081785141350633,7.473192148641748
BOL,2.2202216584719947,4.5318,26.56043259149713,30.6242666401042,13.0767453205031,8.07266269241639,7.8754172325,70.8318,10.53888546581085,25.0710319633785,12.84,62.87421268,20.037693808,19.9,8.178706498382372,22.197560726982697,7.9542019630862155
BRA,5.95091215656292,10.3334,18.23555033366334,17.35883473720296,15.44843179737024,5.629236698150634,9.504249095,87.5498,12.26104329061888,21.58428916717562,23.57,69.04410946,12.461936302,12.0,9.104779123269537,26.18041040491998,7.733390182733081
BRB,4.664920801454141,8.5964,49.43037856936418,57.731179290268166,17.828023719958388,3.9669243484721664,6.906762005,31.3468,5.546495095117935,13.66790520415995,29.58,78.40878662,9.300465991,12.6,9.983986243338537,19.60069343666857,2.625175709934015
BRN,1.464874860624077,5.5664,74.98317321470732,59.91177376600408,48.88226336495923,3.556519868352204,2.1609083125,78.8492,9.90920411122503,62.64397056921814,18.86,76.92260844,7.64916402,13.0,10.378401829361506,21.11363462722693,1.6908335506380945
BTN,5.121201248231514,4.3524,27.77288809243755,51.36424832865845,21.758887330998377,6.345828424464935,3.72949773,43.672,7.2315710883599875,31.19805133529445,5.53,75.9397559,16.757784017,14.7,8.182909861737567,19.13487757467221,5.289094970685894
BWA,5.736574222625868,22.8514,35.00867638061228,42.55387598667734,32.3800935574235,8.05833660991541,6.0698014525,72.20360000000001,5.488620714319918,32.12400330864632,3.79,59.22470805,34.057250457,17.6,8.935547945402707,20.74091431366581,4.612423814699399
CAF,3.2018325311739084,6.0606,14.1196480076479,31.92385268080768,18.99636204832292,1.9905619842094275,8.9636878975,43.142,18.183650859204025,20.34147495034618,0.74,49.57149039,60.413259203,35.5,6.190172510798739,19.91311683990183,6.0866224425903654
CAN,3.435115880339042,6.865600000000001,32.08062552876094,32.4258933840302,22.08994644779138,4.83892329533895,11.792081642,81.7618,9.135009815171957,23.8916824186298,28.19,81.58276248,4.088473209,7.7,10.863562598370008,25.8485081097954,8.447721348097733
CEB,6.46417606558615,4.137582232704286,62.262192297771776,60.65063414702318,21.74146706813184,4.54185167948405,7.096151987470525,62.85561925048262,16.19152530146498,26.91424114845476,22.607,71.78205208699998,19.9309002491,16.59,9.929469928618557,26.528035062156555,8.361641206886665
CHE,1.177741704310162,4.421,71.36933227554275,60.57428551518308,32.64720359081688,5.079346656799316,11.78527999,74.1064,18.12804964264608,24.88048818857684,44.77,85.11479877,3.782055256,7.5,11.468479711407022,25.752277175571557,5.72969060836397
CHI,9.147003269864966,6.4656,31.673378940952762,55.536706073321604,20.6249659783551,3.80577226432014,5.784150788301455,31.0936,0.841597430573078,8.280519582981233,8.305,64.577846221,33.552565067399996,23.04,11.104651022204038,18.353087760606076,7.49893446056429
CHL,6.218649474299112,9.3066,32.69283940625832,31.87645430670076,18.9114288186752,5.175566673278807,9.76625843,87.9168,9.083821441395298,30.12230726318474,33.34,79.02404788,5.70803058,7.6,9.661533060591049,24.052713413744193,4.891919323391271
CHN,1.165395670969084,4.7542,19.430588887340058,16.83020598204722,43.8751466433213,4.00127983093262,5.4242419,63.5228,25.9012870212327,37.2293447480739,31.12,80.52324523,4.222509293,20.1,9.437393575570564,29.15402613862488,13.428672292070198
CIV,3.9293231848819383,2.4156,23.88127919988584,25.43740849889172,18.544763278229777,3.513017535209655,3.5542342075,52.668000000000006,12.88803743471654,22.1754535573148,1.66,63.5174083,52.325614842,23.9,7.802916349413373,22.988628525903394,7.427289274570547
CMR,4.574114019253166,3.7254,16.48355347777644,20.48848095942926,14.565928898741774,2.862952261292135,4.1714625949999995,58.729600000000005,13.44690224753852,25.16440061993574,1.36,63.72440802,41.249901262,23.4,7.419025221366166,22.550060519374348,8.231650961201487
COD,7.550372471740428,4.837400000000001,40.988989135530865,43.13277057610692,26.64979201455772,2.70926274625788,3.737155795,46.8418,17.94153036669136,45.45150993765492,2.08,63.9117742,44.471651143,25.1,6.394927298853176,23.121796046691735,8.551042388388101
COG,2.78952790348606,20.7716,53.408666578553905,35.0738700002769,33.97451137255065,3.4005846956408723,3.012776435,68.73479999999999,12.8531970155196,42.28724141827246,1.73,63.7945013,30.432772177,21.2,7.791176864161347,21.111308719525795,5.649734512459728
COL,6.908782872321893,11.926,16.7824294249179,23.15241020090512,13.40850083914878,5.26166009902954,8.155378914,82.0442,10.80898790921936,24.37663591964316,25.35,77.62156214,12.060620088,9.1,8.799739451504953,24.335779302112858,8.771070155817362
COM,5.555415912009691,4.0664,9.760434223526186,33.4882426632423,11.504717590225544,2.3565044687986427,6.474235895,29.881400000000003,6.63066719120156,9.238486302006942,4.24,68.72786745,35.653873908,19.9,7.392659302447291,18.446868236411632,3.846865626170718
CPV,3.034284645049966,12.9522,33.60161846707278,54.90185167240336,18.12953507853212,5.58061273717524,6.273830415,67.5386,4.976205895663888,11.90532444900112,7.3,73.16097765,11.013621042,17.2,8.388137650462388,18.543864074023855,1.249615162204637
CRI,2.167700887839343,11.8138,37.58709537701458,33.80331941053728,14.48216552517018,6.438699960708615,7.4604233475,82.0054,13.43741358151288,20.357251596067577,26.87,81.50602905,9.175243206,8.6,9.60766912035588,23.04158574371239,5.190375744922511
CSS,2.8997012268087357,8.60776382051832,40.68926719180986,39.16244481297214,22.970364596594695,3.2366149425506574,6.337082699316397,48.68225912331164,8.992164322748746,30.889660818784,14.451999999999998,68.391267666,22.2802254816,21.25,9.691236018965638,22.526656804055822,7.579924707056676
CUB,9.475976596281006,1.885,31.76773903180731,42.657899158664485,22.53781703997119,9.783847991251749,12.2863855375,77.4134,11.445047160330024,24.41819441280927,95.42,71.12595537,6.588574695,13.9,9.170170378468796,23.209846085569612,4.858897257059919
CUW,8.031946393609713,6.82285,33.96412949844683,52.08679665169389,17.777954132334212,6.024720787325616,6.709506610950001,89.0362,2.6537346874146275,11.574561278767147,8.062,65.377332937,27.0031689697,22.939999999999998,9.850924841381229,18.16013442003473,7.477251183141665
CYM,12.400243931775332,9.270169999999998,59.6335983892308,45.8391910760943,18.978999002161725,1.4567825198173523,6.9831280002,100.0,0.958984140494783,8.233335073868487,14.441999999999998,68.672681421,24.3607894434,21.449999999999996,11.404039016181857,17.88655025020707,7.411050540607256
CYP,3.1089441854947752,6.7548,93.97521672922318,91.66406036338014,12.31773329027256,5.127649943033854,8.54305768,66.9314,4.688816685935306,11.08674991404492,35.56,81.912741,3.069131399,5.8,10.44283116098871,21.09829719476327,5.822021702537383
CZE,7.039575501682487,2.5324,69.78755010480725,65.22092716488127,28.07418681242052,4.526529947916667,8.712359716,74.3884,19.97699837571188,29.61249270672734,43.52,80.27144322,1.817624728,18.7,10.259442038908366,24.83656719244508,6.203087996122274
DEU,3.6574107597274943,3.4137999999999997,42.621980365951245,38.44957573413844,27.8457939906768,5.374169985453286,12.342410278,77.661,18.356104106678877,25.900072012910694,45.34,80.49140555,2.852591608,14.7,10.85544330516954,27.400132208406202,7.26973860847834
DJI,2.34215122316465,26.7434,145.9853964691118,131.03386806263958,10.578083030845642,3.521294221677202,2.5280355225,78.3886,4.851638563471262,14.95638694627032,2.11,66.72945196,40.145461647,19.3,8.0648281834916,18.951840385965646,3.803947696941611
DMA,2.8021187040846725,8.74203,24.140222392835806,73.37034505912335,19.120056938830494,5.30725872952883,5.9829655875,71.7006,3.8642314697840137,12.88344179734976,11.58,66.35681783000001,31.007152116,29.120000000000005,9.123715561028545,16.99130880163504,7.388605186610062
DNK,2.9295406045929573,5.159000000000001,64.41948137675278,56.34095792227644,33.17461812402748,6.900256474812827,10.102395056,88.3688,14.23735095615922,21.53387992877916,44.98,82.90091898,3.022083077,10.7,11.124657912087798,24.77140514445123,6.8826497561560664
DOM,5.784594714298544,6.072,21.28858751803308,29.24911434595606,24.50007912205192,3.867416920541933,4.6674458975,83.8116,12.99776742962428,29.71037826266566,24.26,73.32102758,25.865177442,14.4,9.154354754078216,23.346433754073168,6.993123473353016
DZA,6.454999568584403,12.6322,23.35202083002175,22.176005609606374,39.07306854061017,5.5168384924841956,4.922432005,74.75640000000001,8.495537252583263,36.7875421595472,16.6,75.50643476,21.451445636,13.8,8.470766425201056,23.609125520682486,6.56541847937896
EAP,3.8286328801784544,4.1129420541548685,23.23361597224592,20.91262967952502,41.48781250356568,2.8503073128230927,5.20858996927524,59.1943490564938,25.13040954851226,37.13850868126724,20.218,71.747738091,19.062732959000005,19.56,9.190147248841297,29.28946764551767,11.374159005837168
EAR,4.69998769407915,6.094012624525786,25.47455689327268,26.79226886424488,25.85743195960986,3.7075310581630743,4.862544849691602,46.63913579694816,17.014508587444077,32.47401171621504,19.837999999999997,71.937794859,20.963403331300004,19.099999999999998,8.291955554926693,28.489266774452616,11.38046968452461
EAS,3.248191779842226,4.014906393512041,29.39673433646022,26.81359808490718,36.85557346400095,3.172650290374155,6.759257998072265,62.212104383583565,23.07301593943552,34.362397099977024,20.218,71.747738091,19.062732959000005,19.56,9.463964016382759,29.587810342358754,11.374159005837168
ECA,7.222939003436144,8.077542683989787,35.6075586863233,38.05693043539392,26.02687739805354,3.974659979343413,5.242149734319982,64.16268571827608,17.6713964255752,29.14929686815942,22.607,71.782052087,19.9304509404,16.59,8.93193121822774,26.465280817297923,8.361641206886663
ECS,5.07343386108451,6.167690704670386,45.70795653232908,42.43151758287704,24.77120387184636,4.711569945017497,10.007993658533548,73.04487336438532,13.82340630289426,23.35949176928286,20.218,71.747738091,19.062732959000005,19.56,10.245153788522892,28.911062223378327,11.374159005837168
ECU,1.4047123028378536,4.5446,28.023862741416583,26.642591755629923,22.79646376525568,3.85035753250122,8.05158496,64.5836,13.00245643515844,27.000459339931684,23.13,70.95068197,12.57945498,14.7,8.75331163282856,23.410837145724784,7.613267693949234
EGY,17.262001903237298,7.4582,14.72065706479602,21.0828402920464,13.96264844712808,3.2272224257934985,4.516812085,42.994,15.35872870862996,32.313093153551776,6.71,66.6899896,17.233577469,30.8,8.20914726668974,24.87734906231648,10.355287941034863
EMU,3.822781719201656,7.0545856709529655,49.42067618919748,45.89127029633598,24.64391382040682,5.110458294550576,10.864457017796724,77.7160089926699,14.419163883957442,22.01813294385538,20.218,71.747738091,19.062732959000005,19.56,10.666376620182222,28.399126902185348,11.374159005837168
ERI,5.699125127076007,5.8198,48.83615667195391,53.090547131228206,22.242217511702982,4.565075823830802,4.25284952,42.626999999999995,14.19090226920174,26.419832937797445,0.88,63.57308435,29.037888055,27.3,9.520969582545897,22.917793640200472,5.152967842673847
ESP,3.493499608784563,13.3606,35.86905611466206,33.54995356064316,22.844016592640138,4.749953269958497,9.9784724725,81.3048,10.93808032220314,20.19713098552168,42.94,79.98630023,2.336939235,12.4,10.35529354994264,25.828287796151162,6.763300442183223
EST,7.257336932332436,6.5822,77.69887552242652,78.13924800469228,25.53686067076204,5.288096586863204,7.2154177425,69.6164,12.20198795867858,21.99779214233328,34.69,77.13131363,1.436677164,9.3,10.251657564809287,22.261350306724015,3.2887749522478678
ETH,26.4684645186134,3.6276,7.03066821328793,15.54126424399086,24.5801087559723,3.4234722041081893,3.1960296,22.6696,4.60701502907521,23.51569100903268,1.43,69.74860163,41.032350693,17.2,6.8495378470969275,22.410299003612803,7.421446792161173
EUU,4.119888323036855,6.431023469440584,50.660421290212824,47.16847014259806,24.88438141520818,4.793059905370073,10.509354685972673,75.4622778291178,14.56718610965228,22.539840149889866,20.218,71.747738091,19.062732959000005,19.56,10.578561541758365,28.571909389600354,11.374159005837168
FCS,5.1696953168799835,5.852145999932534,27.24164775340724,28.6199849109989,24.097008356163638,2.9520866260833034,4.75180590886415,44.41452734342634,13.442925498811348,28.871649694129655,22.502000000000002,72.05208647200001,19.809153870400003,16.339999999999996,7.45463034787509,26.235347085429016,8.157311540054028
FIN,3.4849937791862344,7.5012,41.41367903340914,41.56060171988456,24.01671592967626,6.54850673675537,9.5743570325,85.6878,14.7090216731803,23.85059846221856,36.09,79.00774147,1.667363161,9.6,10.852762321055863,24.46829268306777,6.260208418539512
FJI,1.7480724197375666,4.485,40.055858277412455,59.38277231410333,3.2586840458562585,4.710768674990505,4.844280482,58.2242,10.160605496297396,15.58025150561738,8.13,67.67014085,26.129946352,35.1,8.598874840285589,20.0345586256388,5.4911460298598875
FRA,2.843720886961065,7.5792,32.77461129411406,34.4653972090984,21.87979764248808,5.466836611429851,11.8364627375,81.5094,9.410059932769157,16.91533536174644,32.81,79.07623773,3.411659765,10.2,10.668137361153963,26.341342926981323,7.561478965830213
FRO,11.628962725901825,9.739930000000001,54.9578819879822,54.93477692970252,16.452029138851948,3.728189767302807,5.973535577449999,42.7906,7.079037671157713,19.532617448832024,12.883999999999997,67.76977864900002,29.177313519999995,20.970000000000002,11.115830068546128,19.35939021331107,7.425318970894482
FSM,3.0515408172061727,8.74203,22.964521815721717,68.07143074428787,17.166392534411806,11.5591397849462,11.4165949825,23.2304,0.504996577796547,4.981280117030858,9.74,62.98522647,23.415429835,46.2,8.226453287226196,14.53441125157527,1.4369874754354088
GAB,2.29461037607183,20.6452,61.11224939448482,25.48753924894212,19.767453507593686,2.6558032898813373,2.93504727,90.7172,19.94022170386718,50.0076853488201,5.21,67.91844591,26.495975388,18.1,8.97440487298428,22.070061295071103,3.990704787462341
GBR,4.299089329138494,4.2246,31.00687905753922,31.73032974561132,15.700899197880142,5.673089981079105,11.172257042,84.3958,8.408709927807035,17.123273557891217,33.01,78.27424872,4.308135721,9.1,10.758910330979734,26.312654422075795,9.326808143051199
GEO,6.0530045588658,11.637,45.9370693037806,58.19773003395596,16.04308645693182,3.769641657612074,7.62668538,60.30219999999999,9.108857605983154,20.284690234774622,56.42,71.24038597,7.951448459,32.9,8.812743542730603,21.522846622620573,4.624119508146502
GHA,22.41391341761595,3.1702000000000004,32.65345468462058,33.97440453948164,15.31303489124735,3.23976749945799,3.8118372575,58.6082,10.90746533911938,29.60480282372124,2.66,63.69049028,24.698205883,22.2,7.754930112114914,22.85458232411144,7.961552193526198
GIB,3.252598092332183,9.981,54.66773268834366,74.07471105121218,21.512062130487088,4.1187303075348645,9.596043662449999,100.0,8.822540957563842,18.983354497005738,30.360000000000003,70.036815852,13.503671414300001,25.910000000000004,11.024070300309008,19.69709138126218,1.9314344513005368
GIN,9.924012932523643,5.5172,47.35539038015124,56.85436848114474,10.99361909086534,2.05518501562728,3.9164425725,37.6818,11.244801984978116,26.9705941550151,2.1,59.94664411,68.061717185,23.6,7.243189768921522,21.388560115642125,2.5930881826325285
GMB,10.670002009084978,6.2424,8.19012684143285,35.88792603470786,25.979382235004643,2.90804791382428,3.3701150975000003,63.84159999999999,1.8635177880336875,15.9340611627407,0.9,64.21396887,29.481238401,21.2,6.719050357967875,17.461900473930623,0.17730901497041035
GNB,4.728205014566506,2.7718,14.90528964005642,28.59160546303666,16.517933980678926,4.134143944734727,8.119121312499999,45.0426,7.711174085447463,13.92574575860238,2.52,58.62801846,43.055919952,23.3,6.814564952543939,18.824943153482078,5.121019171519091
GNQ,3.047441770710111,8.4804,42.14133297335732,29.59712342613784,23.720255386664988,3.90084323417033,3.3679534799999997,73.9986,23.061740731077997,48.81493209735136,1.53,63.21443749,43.97618821,19.9,8.816621375717231,21.76514570551955,1.3381539857919555
GRC,3.165478602042184,12.836000000000002,41.28367781370478,48.20802949977828,9.047120710471637,3.37547993659973,8.85177517,80.3534,8.742052554136809,15.2808975920348,65.76,77.25505569,3.179875626,16.4,9.977398604672432,23.70687403679545,6.407666805158845
GRD,1.3683189901390207,8.11009,26.814517156944238,56.47614384184709,22.2685200137732,4.4178082168514035,5.1368773,36.885000000000005,3.3376885604663675,14.70267705605058,13.83,70.52317817,15.255847724,17.8,9.255527049634393,17.493216736760985,3.0709788829285287
GRL,11.25039431437383,8.89113,37.902505463054,49.99714264475045,17.777954132334212,3.719850389165569,6.065941373449999,87.721,2.9219728008725525,19.3987076691142,12.515,67.093129094,24.496518594100003,21.32,10.946792515094458,18.353955914090427,7.45464494655136
GTM,4.687424716309733,2.5486,17.08357599240122,31.01126754551968,18.8587438318435,3.1751199960708627,6.762935994999999,52.6774,13.94298808508174,22.2486682624466,12.81,71.89797363,17.869858358,16.4,8.581567044901352,23.310685026369296,5.5737345315797455
GUM,8.573212206846357,5.7284,5.796467110312871,59.99684820441603,17.95468930534203,3.4017600698476165,6.9831280002,95.09,7.248895502647694,14.842203289320722,14.441999999999998,68.672681421,24.3607894434,21.449999999999996,10.566123698522919,19.97971144786488,7.411050540607256
GUY,3.573260777133048,12.8188,42.71776607524092,53.06703194680652,20.68616558879319,4.363540883194823,4.562864305,27.0366,2.8754712858520723,60.12132824120188,13.87,66.0777533,20.767196725,23.9,9.739937582054184,19.46865163909918,5.10055521494612
HIC,3.5308792336203907,5.052558722990068,31.4468713479288,30.403240745203856,23.23829502878316,4.774801572163897,12.916815713248326,80.95246531248813,12.83172509284258,22.56348520142972,20.218,71.747738091,19.062732959000005,19.56,10.7417892052327,29.74892089063288,11.374159005837168
HKG,1.505482748211716,4.2084,186.6640875737618,183.4176233906972,26.650816598868523,3.9491820335388184,6.10051712833226,100.0,0.9397136600138676,6.17989219405614,14.886000000000001,67.580387185,31.789707360200005,20.35,10.817307786092664,21.951195844011817,9.145674941452622
HND,5.661678662728429,8.0786,37.71950034465618,61.075332290713426,18.92572588994722,5.253008996039815,8.440146685,59.5942,15.7482671471833,25.807440064752143,4.89,67.43758929,13.280712554,17.1,7.986501190494327,22.29979115555419,7.409171573527183
HPC,5.839154797820648,4.592157593637976,23.1245727620975,30.8150615612961,20.184315621550876,3.2658443162760324,4.82703151606945,38.046035884143734,10.69628550839532,26.4434526352629,23.544999999999998,72.01191071400001,19.6716743441,19.21,6.998953675000779,25.37613803864466,8.428145845065027
HRV,4.880637119831115,6.679399999999999,50.65743516547408,54.837140900050315,23.04539761873108,4.250104904174805,7.4054079075,58.234,11.79543943640962,20.11900813526212,39.09,76.8616792,4.236320214,15.9,9.871650046788815,22.898541060034447,4.988382868493119
HTI,27.476868003697057,15.015,6.13975610381085,26.688672146025816,13.52453664661335,1.0869585904507135,3.4458602075,58.8,22.181380943635823,28.725178669102103,2.92,62.4563858,40.327794429,33.6,7.466202049485659,22.239521496640393,5.87577307261179
HUN,8.774904564463313,4.089,80.50123095805715,79.04228557909912,26.458330677353057,4.2167400519053135,6.799938299999999,72.55640000000001,16.743054802818882,24.39207014890826,34.56,74.39546955,3.469176767,15.0,9.89876769151085,24.18746775349078,6.314677842599418
IBD,5.011304931319319,5.837187790673428,25.34760882531328,23.92883861260826,32.45581991962535,3.8969379374053927,5.63088349336668,57.3936017968709,20.82613358724984,33.89914070747812,20.218,71.747738091,19.062732959000005,19.56,8.924572386894848,29.672768359706453,11.374159005837168
IBT,5.109135917419009,5.650211860351928,24.99342137635136,24.179539680904742,31.97618235246775,3.678777969700568,5.509928496075682,52.32056642898524,20.355893504398317,33.46434597379002,20.218,71.747738091,19.062732959000005,19.56,8.673981890606868,29.721262472138662,11.374159005837168
IDA,5.351701059339488,5.051029453412082,21.18957211609268,27.57349666400258,22.7440754692196,3.2063036307572723,3.949797878850795,38.91214387598264,14.0404355240119,27.54654454866262,19.833999999999996,71.67591003500002,21.0952064668,17.779999999999998,7.285721188607284,26.670713161749347,9.796121143084493
IDB,3.987087641339796,5.055948801623354,37.458083652742246,22.18222346563836,26.546192945790455,3.23264904038437,3.74689742265637,44.51572146897414,12.98231715614188,25.44888108871138,20.038000000000004,71.11302688500001,20.804693504800003,19.089999999999996,7.47940127157412,25.732907104459457,8.632938258491322
IDN,2.708055604887724,3.6304,21.4375591365637,19.07254847218714,33.938279757231236,1.0468159880236192,3.174899935,57.9282,19.01949004147278,39.8093290245054,5.24,66.41327031,15.112246863,21.9,8.419732461618617,26.20526200685245,10.28818979646821
IDX,5.890473990375154,5.0497891954907015,21.63004344617118,31.373520017658144,26.352641707714675,3.187124132398365,4.1205530024991575,35.90207676513298,14.96064470404466,29.075158928561255,19.621000000000002,71.710881317,19.3589512243,17.96,7.166532893357364,26.185461401750107,8.678212865592204
IMN,8.181562433580188,9.125449999999999,36.6848771224965,48.854562080866835,19.679823471595093,3.0014354329413155,6.72131149275,53.287,2.11682131457438,8.415026041606131,20.083000000000002,68.54738915499999,24.1125726805,20.73,11.378040968778638,18.856652702091754,7.45203121062864
IND,5.811211417532668,5.487,21.1919993138391,23.392080523402477,29.8612760036618,4.34050275791147,3.2367882125,35.8844,13.43905128341802,25.348363195741,7.23,67.30780612,24.498441818,23.6,7.760116487561302,26.826721903643442,11.827569059455394
INX,9.208745910910041,7.25847986604192,41.05834780792017,46.120634745405866,23.379655264895636,4.310003479925473,6.860070980858483,60.92901227730653,12.236002297589696,25.852123914237705,20.81100520833333,71.32777389232433,18.76097713975,19.122702702702703,9.859871621671195,27.10231367405217,8.849281706309986
IRL,3.651297943499176,5.029,137.5674852289188,101.7996318412408,34.277414905212154,3.04813492298126,6.62372613,64.1948,32.437762819887595,36.0536003851785,38.75,79.86626285,3.613007636,11.2,11.526883856446725,25.86439718296222,3.5990094496848934
IRN,38.9013353282591,9.2574,23.2352314233365,25.10008365805916,21.88135268510739,2.89978768431448,5.6986284275,76.7962,20.439172528967624,37.33165329639256,18.11,74.71077692,10.655915338,12.7,8.341443820074673,25.021063174807875,9.088651606377057
IRQ,0.7344326572023654,15.6866,37.34732051705136,29.09310406444872,40.60101291864775,3.85410848728036,4.8977105624999995,71.36359999999999,2.882233384027892,53.06347297612548,10.22,73.9119724,20.824755634,26.5,8.620772505021035,22.69352530099217,5.1281575550131215
ISL,6.038812066349376,4.3842,40.300248713762976,41.25110919853518,23.1243118766127,8.02738316853841,9.276467896,93.994,9.314515997701545,20.63502284185636,43.73,81.32974057,1.770386745,8.5,11.200928678991232,21.678953943726466,3.162855586590049
ISR,2.5232124621901972,3.8844,29.2452592732053,26.599847062335,29.041970581801017,6.202366511027016,7.47212696,92.7648,11.80034963734174,18.71068980335596,37.97,82.09316588,2.479067911,6.4,10.851205251211281,24.79034119974696,4.907605393776712
ITA,3.30838660806918,8.227,32.252845247152536,30.762138025473757,22.99976041360254,4.2196831703186035,9.034143448,71.6614,15.007978058637722,22.316809598985877,41.91,82.19747411,2.523430004,9.1,10.5126790740531,26.511196875753438,9.07087575539533
JAM,6.66504217730205,5.0114,30.013525698936235,43.77447995206613,16.980867592253002,5.506923077556658,6.921422365,57.0222,8.072553172371972,19.63661281953888,4.6,70.1439437,15.950753448,20.2,8.69722555830792,21.037264895763435,4.973113403792623
JOR,1.9100019576283245,18.643,36.5049523775116,53.59816655871674,16.9268757585098,3.33981703729799,7.05456388,91.8194,17.23820017909252,24.27875337343198,28.51,75.64973596,13.395796325,12.4,8.372258549776848,22.85052347040401,6.07259512437522
JPN,1.6492049287961177,2.68,19.260097541839976,20.74928277462535,29.135824180974975,3.3209649324417096,11.1977066975,91.9562,20.30879219776735,28.648905688513576,26.49,84.46067178,1.850093234,5.4,10.494081418974226,27.572489802835527,10.340148051745999
KAZ,10.670383865508692,4.982200000000001,35.0631096301926,26.43482787444085,26.464700041043624,4.510897887527365,3.551330925,58.0096,12.8700133417921,33.43687647139304,37.54,73.93874626,6.588448039,15.4,9.339792391351104,24.098247296004722,5.9120154132346565
KEN,6.266829136275288,5.604,11.085240948356384,19.742486019097377,16.308827095334617,4.486377094106804,4.43813145,29.0118,7.576939192866055,17.00315181194876,2.89,69.21556653,38.349748028,18.0,7.626767385106926,22.827458973341272,7.333308594519625
KGZ,10.726662285246803,4.0098,37.1532406924363,74.20020362084988,19.127250806706463,6.22390762712776,4.8694995675,37.486,12.7566045992749,24.63466403448238,15.678,75.75667891,14.934850197,25.0,7.482312913049828,21.186686099402394,5.281857645509351
KHM,3.33305013336638,0.2588,68.54922869668329,69.813316846643,37.540583266478066,2.0872046993796047,5.14331174,25.1238,26.38260588683148,40.1822227624402,2.11,68.92399972,20.316859905,22.6,7.752489952935318,23.084988641096952,8.006897760406558
KIR,4.8089726165379,8.74203,6.628729018703095,86.9930061517298,31.024264532748333,15.348522146140123,11.462138415,57.0394,5.305594492535017,10.167926757405253,1.93,60.87345633,43.657171468,44.1,7.651113855130545,16.433922284052894,1.8468787684491346
KNA,1.46982380452609,8.91735,19.564675519642122,63.429392231618905,19.120056938830494,3.2361749340912924,5.649959805,31.0114,4.479970707704248,21.99419427067174,30.85,68.238705111,12.763447576,24.810000000000002,9.938681344901616,17.578792937488203,7.389685873360632
KOR,2.808866908819823,3.1412,42.626063535909225,40.8013340883015,35.3042011821291,5.16082000732422,8.950771904,81.4418,25.052319314937822,32.072660483265025,26.1,86.65826663,2.518936917,4.3,10.407038349352723,26.78493646666611,9.117055978879689
KWT,3.2093446798427556,2.6008,51.96238012440103,33.01426359345113,37.893386145018,6.410429984746523,5.3170622575,100.0,8.71176663190207,57.99106678650598,22.73,81.75064092,7.57783607,11.6,10.407477004100732,23.306994134631495,6.504958607428246
LAC,4.81083653320876,7.700879852035932,24.85583843377436,25.8761929070167,17.344097950245278,4.07412576061997,8.020556197689112,81.14089173311646,15.031151466442822,26.146041319299876,20.006999999999998,71.79309410900001,20.9719659741,18.11,9.092862140513686,27.391145464094155,9.896782211902638
LAO,17.2353238553834,1.6084,30.013525698936235,43.77447995206613,17.84664178625695,1.6175126272255076,2.3562372325,37.5948,8.697449380522567,32.04705686011242,3.31,66.08941394,35.165674638,23.1,7.727725546226022,21.11762680441599,6.381822785572703
LBN,135.48212134045497,12.274,26.94460144347055,60.068676812863345,-9.300871727257974,1.624001286859605,6.715383650000001,89.263,2.18527468238827,3.4684656468619974,26.8,77.4956995,17.047921887,9.0,8.339420210186459,20.264059351920043,4.476654763752664
LBR,10.134746166311974,3.3491999999999997,52.55776409768036,60.651473896158926,16.04792159171647,2.27555893491904,12.1501517275,53.0742,9.666870309139224,20.49760380440546,1.78,62.64177415,58.056519903,23.4,6.6011874509719695,19.720782579303755,5.941391560473542
LBY,2.665000264611312,19.1808,72.86807532204358,59.364985427319326,20.97344399360603,3.5442710311986807,5.8795939675,81.3,14.811918764663584,62.67114688211582,20.42,70.22740913,16.728501846,21.4,8.701812723759952,22.551934685320685,6.6023816293989555
LCA,2.1986732762657715,16.738400000000002,32.15470700817186,51.48237366620374,17.196450369087177,4.141723575251396,5.4079468225,19.0618,2.889484973196526,10.451526990305863,42.34,71.1130421,12.929291436,15.2,9.387907812556394,17.935895831211436,2.2830964164101832
LCN,4.234693613168995,7.746610701905473,26.26043042100744,26.693038021237538,17.46054100234336,4.056340334089793,8.114864172716441,81.56374505180132,17.39700592605842,30.64419704833306,20.006999999999998,71.79309410900001,20.9719659741,18.11,9.16214477298399,27.71438021759785,9.896782211902638
LDC,5.964451748337756,5.263710942634409,21.35542889533086,29.5196787832626,28.09458231611985,3.0572537016711325,3.876416123759773,35.8545575742366,14.96805730631192,30.141056325319,20.416999999999998,70.68797591299999,20.6182822189,18.919999999999998,7.091442986563854,26.043033739471902,8.627339478977254
LIC,6.084251505542665,5.6273777395019575,23.75332991214686,37.1958554575378,12.1897730010345,3.261130114396233,5.641316063322602,37.15047265523652,16.301904678543472,26.35923537461956,13.381,67.642215608,23.190956375400003,24.11,6.529110667577466,24.89626729128717,9.112264800999926
LIE,8.181562433580188,8.11629,36.18511554624704,49.579875066371784,19.679823471595093,2.775346065156163,6.1116473685,14.5498,35.379699398107995,40.56932734969313,20.083,67.82413973999999,27.1288359835,21.28,12.156640018228078,21.664490988005717,7.471078300911674
LKA,15.800328417329116,5.1732,18.9028161832183,23.284044691456423,29.078978059366676,1.52403690512691,4.087849435,19.0452,17.90889963230874,27.8614312593176,11.36,80.05458522,5.347159916,13.9,8.269073226072162,23.454181941002616,3.9595361640968303
LMC,5.750098018935715,5.274267359573826,25.97486898983098,29.6288573692774,26.31875836040488,3.3968704136957624,3.807400450585895,40.46255351184656,14.79429864882204,27.55016361110168,20.006999999999998,71.79309410900001,20.9719659741,18.109999999999996,7.762261956509673,27.68719828117875,9.896782211902638
LMY,5.10107557621241,5.706091094636024,23.96286883928554,23.5235971412374,32.75510724030893,3.6305247430188574,5.36767842155695,52.09257698311584,20.72440272575374,33.2156683223286,20.218,71.747738091,19.062732959000005,19.56,8.619257639771293,29.63066767693688,11.374159005837168
LSO,6.34906205103199,17.184199999999997,45.00611625425408,96.03658901823444,19.29681713810545,6.9563221084377656,13.9735651025,29.9526,15.35979955766938,30.67979231896164,2.35,51.47907482,55.422958552,36.3,6.889263841432214,19.658634137258133,5.828101143495233
LTE,4.6088059600053075,5.210438088709818,29.526448451197503,25.77699939740978,35.31400075278643,4.296097593476027,5.908808741836412,65.58814404435756,22.22876741125514,35.081803196876976,20.218,71.747738091,19.062732959000005,19.56,9.37883565331559,29.44027464237671,11.374159005837168
LTU,7.084308053968611,7.1798,77.88626243374559,73.78277861996818,22.97644293154614,4.322036743164063,7.351143646,68.478,15.27096997695476,24.58360846785192,61.04,74.13314711,2.595089808,29.1,10.139051134817507,23.115957630072153,7.827582549923503
LUX,3.095084357989566,5.6088000000000005,215.1264925965078,182.4637100113456,17.77107067308912,3.759793361028033,5.644976808,91.87,4.1580584945014865,10.045169624945762,29.84,80.76781168,2.159631214,7.8,11.766753043427803,21.97000104245628,2.3561258599220753
LVA,6.20180447809777,7.122200000000001,67.60616854025086,70.18582549070784,20.90316767688212,4.694743315378823,7.663454055,68.5524,11.321329487850871,20.7407519436481,33.98,68.49511637,2.690912674,13.3,9.94368402972125,22.20646221830615,6.391913763303238
MAC,0.5898193489211649,2.3898,83.58143467653494,63.29886228479626,39.08668766430145,5.263839960098265,5.75660493975,100.0,0.839081173041844,7.717001143881027,17.203,69.215876052,20.6703588186,18.73,10.85819461725325,19.385582965124552,7.832028386753766
MAF,7.060278423709738,8.74203,24.140222392835806,73.37034505912334,19.120056938830494,6.049436078256714,6.48343161425,63.795820000000006,3.4103136351130403,11.733978559610346,9.690000000000001,67.52518161500001,24.9080944282,27.07,9.98365521053201,16.928128222344764,7.388285805507937
MAR,3.1682735291189803,9.856,38.95599639657626,48.05373572595846,27.79416440770558,5.965058169480128,5.447329165,64.5914,14.97602775512892,25.32149789880474,7.4,73.71494086,13.88790814,22.6,8.204080978282198,23.75430762324235,9.18817921754019
MCO,10.00433562724761,9.27139,33.552455762654105,49.57902408122929,21.537748707771847,1.440853317578633,3.80671996,100.0,10.176401447300709,12.809102137653074,86.09,65.15824359,2.497202083,22.78,12.305184416854763,20.529557832764716,7.480156526336642
MDA,11.140885157461195,1.1714,33.26314326645388,59.2398600968138,10.891861525880495,6.290332555770875,7.05388987,43.1984,9.013624845575984,19.46498987590442,40.16,73.6336332,13.492511012,16.8,8.693388788666427,21.00536436928617,3.6057152128531675
MDG,7.01224034503751,3.2076,24.881017787948643,33.29462036060962,12.364774426613913,3.1419853422940727,3.3948023925,39.882,11.616903453112798,22.16436827064536,1.72,64.02700715,44.175046993,25.9,6.213195638339785,21.262615522893906,7.76810910948965
MDV,1.1667564060568325,4.7508,70.34829812858945,71.96298688863435,11.2375838929606,5.075478076809165,9.68598342,41.537,2.074889317540018,10.07693432667924,22.35,76.59470056,4.979369712,10.6,9.307592978432227,18.561624483222666,3.931354933727638
MEA,3.159391047679894,8.550383451402487,38.131128581373446,34.13371053481562,28.1120226950019,4.14270997047424,5.321825847584988,55.00255228762738,12.64250007429804,38.32604382714446,20.006999999999998,71.79309410900001,20.9719659741,18.11,8.662691778197255,27.077712029884,9.896782211902638
MEX,5.4465071163792675,3.4381999999999997,39.14060490607726,40.30577846219352,20.587833031039757,4.26792001724243,5.7411234375,81.2982,20.474971438481997,32.04472386668844,25.88,70.83258685,9.647736222,16.3,9.368139320800681,26.454997104366235,7.8023515792261975
MHL,7.402699862220129,8.74203,40.405881358450046,73.20808106335639,13.3574538748771,12.23945289248816,12.8765082375,78.5104,2.6174027488428324,10.88865303051243,4.67,66.35681783000001,26.323792926,29.119999999999997,8.776272145807695,15.703420914109435,7.388605186610062
MIC,4.9718285369196655,5.712199442257402,23.97905216405936,23.37284047954976,32.9158974134001,3.653007005232873,5.364940133310315,53.60595688372074,20.82513418424502,33.29268039723384,20.218,71.747738091,19.062732959000005,19.56,8.70434616931371,29.624012250733365,11.374159005837168
MKD,6.297430657551408,14.6886,65.29923930158212,80.35274384434538,28.47624594579518,3.556519868352204,7.735777735,59.1466,13.39938110485742,22.8541904378702,29.44,72.99535604,2.680571299,24.3,8.98283604901161,21.39146067627828,4.787391737781713
MLI,3.850073755998585,3.1794,24.431838953990415,32.163137225168484,16.92737392558705,4.13698576242588,3.6111904975,45.429199999999994,7.320895087881868,24.87579034716384,1.88,61.08022019,57.553430116,23.0,6.923092509356403,21.26481339787659,7.686138428093106
MLT,3.0069911276148376,3.2950000000000004,126.219202175819,110.2952169997724,24.04222887563328,4.82531499862671,9.8912959075,94.8752,6.31794967721817,11.88391853093986,45.134,79.95901198,4.84091865,9.8,10.538253067544556,20.971641522234428,3.404359044999734
MMR,9.256644779807143,2.9874,49.63208649635745,49.10855357868352,20.95616189058429,3.9291026828740017,4.8769661175,31.788400000000003,24.20722487846314,37.70144739810106,7.57,67.84580637,37.727743803,24.0,7.16834019304529,23.54833241775222,7.688231327792694
MNA,5.214579533723306,9.304356218098324,23.56846088154158,28.598003911870094,22.647959756199025,3.593219986184728,4.962345066972745,51.90373548932986,13.03612780056345,32.92660686904864,22.607,71.782052087,19.9309002491,16.59,7.921747337033619,26.254580831824367,8.361641206886663
MNE,5.42339382325208,15.5986,43.03774300528742,66.74228937949256,13.517868830800044,3.4017600698476165,10.3066403875,68.164,3.76170599936071,13.84437988271298,27.83,74.70975149,2.230984009,13.4,9.249525482242113,19.2366069785104,2.0445912642440898
MNG,8.55793249455112,6.2958,65.33318948279458,64.67088365813768,24.31381938149772,3.65764999389648,6.30583942,68.9448,6.7883446646032555,37.40815171365746,41.3,70.09795294,12.554116865,26.3,8.558238998256241,20.898057492452473,6.881428757288988
MNP,6.7498735057971455,8.21829,14.35362655166034,69.32130487601293,19.120056938830494,4.280516036088908,5.41901995075,91.9836,3.815989173361345,11.756993097382606,11.65,68.15215035899999,22.560775021199998,24.85,9.927612430451,17.478765432580538,7.391611392993627
MOZ,6.275471436693958,3.7232,42.19610230410798,67.51669850116363,9.33800803913562,6.16243494172603,8.2726986425,38.1936,7.782834196241292,22.56444913227072,1.75,60.54787171,45.415409858,33.5,6.337131804134772,21.080310399572877,2.8527852642340576
MRT,4.584163967436378,10.7096,39.821981568298554,52.32289658231323,33.0642545416056,2.4498749971389775,3.5893421775,56.908,6.385170378578939,31.20234918607528,2.61,69.36220641,31.021062326,16.1,7.592115275952429,20.241438682934646,5.9463939567390804
MUS,5.6081170601437815,6.7428,43.68985893619916,55.74702915373943,15.651998165932202,4.504449939727782,6.0577607175,40.8312,11.38689622837064,17.7208728849988,14.36,70.13596527,11.943652834,27.0,9.237230069040624,21.11321119159598,1.2406903872610988
MWI,19.975804356411807,5.301,32.381687986796706,51.832828199020106,22.138454504329623,2.74888371105811,6.9196010800000005,17.996000000000002,11.042618717109985,17.137877659191698,0.54,62.48652597,29.361879146,27.4,6.376706418267499,21.029130123351994,1.6618405912271488
MYS,1.80801293839596,4.161,69.79953977592596,63.552509002804186,24.8368725134499,3.79674797926236,4.0505493275,78.19739999999999,22.88800532028738,37.49131796509492,23.41,75.31574097,6.0931083,19.9,9.321167246009137,25.210508401688642,7.237967246661103
NAC,3.8175686070757058,5.174902279372998,12.465370887175,15.48263837066836,18.55114944727658,5.035448312759397,16.957977373216075,82.95028260304409,10.113215664691255,18.18082811219024,20.218,71.747738091,19.062732959000005,19.56,11.209188244695396,28.65982228861738,11.374159005837168
NAM,4.405308534632018,20.0268,38.2726776218952,57.753587184417825,9.16103363178755,9.536450451923937,8.9800741675,53.935,10.93044819379584,27.285808101498095,5.53,60.35994599,42.1214128,23.1,8.354531048348615,21.01597773790104,4.531426762762949
NCL,10.696769783230199,11.5794,31.326722682727535,47.055947096726165,22.9529799300963,3.0006148192869153,5.168852964551456,72.31859999999999,12.542269475026234,21.88492960846914,16.387,65.183573441,32.7323600533,23.520000000000003,10.435107939099343,20.912952800963264,7.54447929298865
NER,4.746954569868036,0.5144,20.19907956022444,24.55670876745552,19.013325816937325,3.8568179014639425,5.500905395,16.9114,7.34110064849181,19.1564458760108,0.38,60.93901222,72.121330645,18.7,6.450174901092963,20.798551094559595,9.289878275334381
NGA,21.38954075836048,4.2152,36.98769414279964,39.747334714782305,21.88135268510739,0.3522856248163812,3.6783165325,53.5076,13.94881942869012,30.52725117869104,3.8,62.06702482,60.097513718,16.9,7.448320974290565,24.694754400112206,8.023411491259374
NIC,6.418009758328251,5.314,44.87171052083686,57.8941150745272,23.90266347043402,3.833330029161573,8.9091200825,59.5698,14.176634518852278,26.75560587644862,6.82,72.2627673,9.129068459,13.3,7.7716327679611785,21.541327365103125,6.3349567290124
NLD,4.227064985384082,3.7382,87.36136433321289,76.95357223052822,29.35682018590336,5.282399972279866,10.6473860725,92.8652,10.57447692311488,18.07075697600684,38.76,79.58002654,3.466365406,8.8,11.020361957184805,25.464414572127932,6.0093928699729
NOR,3.839547970725368,3.9112,45.2432175516992,30.91121527223464,40.66159495662864,6.929633299509683,9.90613413,83.6548,5.864601326360452,38.00518591797806,49.75,82.88199872,1.934893134,6.6,11.396379254963549,24.06080194447404,4.77311387483609
NPL,5.991899467965513,11.4678,6.650945311542278,36.35826536179876,56.09131643169712,4.090584218118581,5.40814209,21.4608,4.595832817244912,11.88335944427464,10.11,70.04936795,23.296469589,19.6,7.189547622199322,21.30918791420384,8.801524857519599
NRU,7.40269986222013,8.74203,42.243398139551616,100.85487195492846,19.120056938830494,5.664772145958482,13.32224512,100.0,3.4103136351130403,11.216242283607453,12.73,66.35681783,9.078474806,29.120000000000005,9.469049008848756,16.928128222344764,7.388605186610062
NZL,4.296773544278652,4.0531999999999995,22.9423583327444,26.157912791245774,18.30186867342555,5.42524015903473,9.9044735425,86.8896,8.991893410197564,19.4699597772328,36.11,80.36105381,3.984233877,10.3,10.769357765123358,23.787739078240744,3.9033454642344583
OED,4.0459489804911115,5.612329266735032,28.20602117306272,28.33686630542602,22.41034862626168,5.136398315429687,13.17816110953845,81.46977361436842,12.847688319764462,21.58422517748386,20.218,71.747738091,19.062732959000005,19.56,10.696630384075112,29.69007387970358,11.374159005837168
OMN,1.065264735889756,2.8954,56.1948196779459,43.67695422600615,23.4212591863552,5.589464902877805,4.0530542125,87.6936,9.551548994017738,53.60874261725856,19.92,72.47676726,8.365620401,13.3,9.909845357998057,22.96061099262362,7.5042902324419565
OSS,3.449350440474544,8.998797757911044,75.1886704797749,74.41921448771626,23.084578936043226,5.109079588963217,7.604769635623745,55.6061108469184,8.892348493266581,21.4688779714755,19.4611,70.88596782800002,20.0399136492,19.58,9.557083279443841,23.491750571390593,8.287334091195813
PAK,16.502144716728445,5.766,9.954853926184423,18.61688977475966,13.09230290417444,1.9160583023174524,2.92364961,37.7482,12.76368857425326,19.71901145821906,11.6,65.99092295,45.11100255,26.0,7.262201935189102,24.51799129838353,10.938816940334393
PAN,1.0239436714206724,9.1976,43.11540635207987,39.8981271910561,30.851572674372026,3.466730058193205,8.9882607475,69.146,5.177403026867053,26.070943966621677,16.25,74.35268157,10.610427661,9.4,9.728265468061666,22.05952862342815,5.537035009647091
PER,4.6142206103492445,5.1706,27.35041204284986,24.49584087773388,20.01905372957256,4.06372994184494,6.0682995325,78.7132,12.32735942816788,33.4395626055811,16.88,74.80744833,12.139296463,12.8,8.899869174198821,24.136133295125063,7.075322693407495
PHL,4.26642615035656,2.5786,26.350513254812803,39.12734585973776,24.81506345558686,3.771817235549446,5.113333036,47.994,16.88702451022098,28.480513867263063,7.92,69.88256359,19.623407794,38.7,8.191681787899729,24.96132863084571,10.304422079710864
PLW,6.047006012925907,8.74203,14.587736375008802,77.31524879488613,-2.3447684086206,3.629377731412747,13.5992963325,81.9348,1.0578756789263726,11.52042536671477,18.08,66.35681783,19.11496778,29.120000000000005,9.583788690694078,14.821441242427577,7.388605186610062
PNG,3.5019214364615494,2.7954,41.12858930792181,52.935946126305836,18.643457457870433,0.7593757933633017,2.39636916,13.5972,1.660729792616548,36.16509709214696,0.61,65.48786529,31.989812503,28.6,7.950645943490483,19.990559028326135,6.91280650005763
POL,7.634424080438715,2.8898,56.4069202453937,52.35903646182618,19.651480695096,4.578179836273193,6.559244443999999,60.16,16.8045242138305,28.39594355182624,40.31,75.4021086,4.088271139,23.1,9.91195745606868,25.54831663078099,9.851571327325349
PRE,5.397631890420092,5.210119639372996,26.17659991450166,26.24128860754618,27.073626441475163,3.12095222216143,4.32461395909245,43.63884945688786,10.066178441831616,32.3926400998531,19.621,71.710881317,20.6182822189,17.96,7.247460569822404,25.724593468122542,8.678212865592204
PRI,7.145957497331565,6.7974000000000006,54.57066956956744,44.43831803421724,22.859222605144517,4.083521642758532,6.762817645999999,93.6162,45.5876691349297,48.857580748878256,19.023,83.51311535,22.374802343400003,10.1,10.466744058115594,24.667295519929006,8.026269438387645
PRK,7.293637499198027,2.8886,20.27911371760086,28.41547150424127,25.086008447856905,3.366236728910786,5.009499347499999,62.928999999999995,10.192267462085592,22.604564698385424,36.28,75.64984451,16.069266411,19.0,8.915829923818546,23.279986203868816,7.984993766706928
PRT,3.1626647799943313,6.4564,44.45444339716214,45.29578764693154,19.8720440792642,4.72970660527547,10.331463432,67.3738,12.0745800384403,18.74256101999178,58.51,83.88307768,2.787077223,14.8,10.149309317806688,24.198649644755044,7.412941430776598
PRY,4.957698253553184,6.7002,36.47859515242628,36.61675741458966,20.81387762095988,3.5373850464820853,7.65174055,62.827,19.165288264727742,33.7056324676312,38.93,67.62709698,13.596538687,13.8,8.708445328742576,22.785073019473703,6.108318262190847
PSE,12.756724110582072,25.56833333333333,17.984073931287238,58.73862922363283,14.550910110883478,5.43442010879517,9.907491685,77.2944,11.1453505430696,17.3687465946813,8.829999999999998,75.87512392,13.264616256,22.3,8.117580564467406,21.397654845087235,7.753789798833492
PSS,4.221158836258196,3.189613800127804,30.300171861191977,58.642998925586994,13.079974805794969,3.761158127419678,6.15688148051455,39.28331752774768,7.555385120664026,13.958695699305776,8.331,64.970915443,31.364412932299995,23.09,8.282071181515404,20.486471143183575,7.549103984940913
PST,3.7105745801102623,5.229661239055586,28.777138737032335,28.93695501622576,22.538853531021523,5.1214516957600935,13.65474042193385,82.0805622201785,12.28022322120348,20.82309394683858,20.218,71.747738091,19.062732959000005,19.56,10.842884886998275,29.581600666323382,11.374159005837168
PYF,12.400243931775332,12.1738,16.692977320174883,41.65948534010917,17.828023719958388,3.4017600698476165,6.9831280002,62.1838,4.72964986303904,10.646123379638,14.441999999999998,68.67268142100001,21.8851163424,21.449999999999996,9.969581655792513,19.390207216468127,7.411050540607256
QAT,1.8108836519385665,0.1332,58.814436155842166,35.52286406230467,50.224602427887994,3.2336699962616,3.0193312775,99.3144,8.548052767829146,59.30483802836629,30.22,77.97981478,4.58880805,12.5,11.208066400369331,23.558934821232107,2.8190547591451214
ROU,7.519496767221867,5.4414,39.0708882310869,44.63720662393922,18.15702023747994,3.391379992167153,6.0398041,54.512800000000006,13.83156720401514,26.323351933135143,36.25,72.76430945,4.88165843,21.5,9.70636073412812,24.47584554565306,6.30493497307014
RUS,5.038059145977545,3.967799999999999,25.5308441275532,18.404832126674,29.9906386802152,4.057450427416033,6.8962391625,75.1386,13.15542683112968,30.97230657611642,51.11,70.017337,4.024765616,14.7,9.50608550471067,26.28081658758235,7.5496917933196785
RWA,9.741620196341982,13.4068,23.42686184091002,37.67077428143952,13.878164554367451,4.656113529085092,7.2342625825,17.7388,9.283806785850654,20.40584218097876,0.9,67.54213882,27.125530324,20.0,6.827716922500779,20.885254958479724,4.769353230078791
SAS,5.46338617610126,5.488810488139194,20.00766371176968,22.98438899687696,30.51888082926062,2.921341716162792,3.1848062825655523,35.80024428614112,14.31292266188484,26.17326689903154,20.006999999999998,71.79309410900001,20.971965974100005,18.11,7.770225616494896,27.04626861818678,9.896782211902638
SAU,2.599567396078,5.5548,29.671419717093237,23.17152966029216,30.14028818839356,5.11466979980469,5.6671755325,84.729,14.82034163657994,45.96439279781168,34.06,76.42921259,4.780772897,13.9,10.410238268843496,25.81745536864222,8.731660654085736
SDN,220.38642779207203,10.177333333333332,2.249511187889354,2.093844770396888,5.453509404947983,3.508746380875384,3.757715045,35.979200000000006,13.42902730094093,17.38932479966019,2.5,66.24965038,34.503943993,21.2,6.716050895508429,22.442640915789305,7.281316838077293
SEN,4.232853983006669,3.1012,24.64046873618252,45.68270384344666,25.004550921836724,5.8623249986697274,4.5381621125,49.093399999999995,14.78399224453182,24.071351879756257,1.09,69.4721467,30.207779582,21.4,7.387739540083705,22.161995114653962,4.7647006544812305
SGP,3.0996360690263165,3.7914,182.188946222727,146.1343355590754,41.2128917881296,2.4679757166160763,5.0082530975,100.0,18.65017091143374,23.04391510241072,28.34,81.57605503,1.722070412,13.3,11.309232946133937,25.18678403283673,5.812529250458093
SLB,3.714787953283827,1.2312,27.13337654253863,41.16518207999819,18.0554612325083,8.689185586358578,4.7758357525,25.5814,9.186742681577613,17.98692079182253,2.38,62.55214723,17.858740658,44.7,7.630082747120361,18.767937660418838,3.0473280221976413
SLE,25.76114834046466,3.3036000000000003,16.930624808969537,30.684133145200786,11.42124940018465,4.6216732395252205,8.739170075,43.841,7.417639313116814,22.16445387170664,1.34,61.0228635,50.886677362,24.7,6.740327308083806,20.067441825829206,4.442180557493629
SLV,3.038656206339478,3.633,29.97992486755212,50.6960972941082,18.96745078732252,3.41676753759384,9.43174982,74.74359999999999,13.62288262916324,23.4368837912166,16.16,76.24875651,9.989773874,12.6,8.503682610549863,22.154849001763925,4.743243747328071
SMR,2.7963344192009343,7.73497,182.06844242718137,157.2013620396313,36.05457802486577,3.14369002978007,7.88717866,97.7238,32.627643932538334,36.61522733588637,46.29,66.91558412900001,1.250274792,23.54,10.838686391888185,20.16135524995093,7.401269786259562
SOM,9.094816968817932,19.1854,17.44817137079846,69.06929962706207,20.624965978355103,7.0582497119775e-06,2.407186985,47.327,11.338758305639722,25.273636982549355,0.48,51.74982512,73.148684031,27.6,6.35606250199594,20.940708034613067,5.159009321146059
SRB,6.936916318561399,8.5902,53.39258684868266,60.71927486416312,20.9194462163604,3.2108299732208234,9.2582209125,56.8908,14.362025087563476,24.23959725570236,30.99,75.62155242,4.925812716,26.4,9.280098439860412,22.990044688560246,6.325449765089125
SSA,5.497421919801628,6.659652054763981,26.88220069383728,26.982403121245778,24.097008356163638,3.2615984278555574,5.115245204260255,44.69387009519756,11.8751387827708,27.748644399094083,22.502,72.052086472,19.809153870400003,16.339999999999996,7.395462033660884,26.08705496420075,8.157311540054028
SSD,25.465772973241677,13.3425,42.55233595846808,50.45569904561286,20.02143479472784,5.005891944359714,7.8431594375,20.8628,14.539084083908321,23.805674273552487,0.41,56.47971379,66.826418239,25.5,9.961879687989917,24.14475048354978,5.7909321754119905
SSF,5.5692981744901635,6.340054057247076,25.862278381534416,26.53230136180698,19.1063508805712,3.3166404602764024,5.0025521036514355,42.44850212156392,11.42717614499374,27.4122892476078,22.607,71.782052087,19.930900249100002,16.59,7.351042572074008,26.111727455443397,8.361641206886663
SST,3.2801994307467153,8.219635854638254,73.97426071886711,70.6784726792868,21.9407746288381,4.835691029585215,7.201477124678508,51.8517886154509,8.983216956062225,24.05570936731753,21.3,72.029186488,21.594576055699996,19.21,9.490788257168134,23.838540800426955,7.586953067592598
STP,14.314714923174732,9.3038,24.140222392835806,73.37034505912335,19.120056938830494,5.197985201241893,7.031081915,75.7194,3.4103136351130403,4.23856069412553,4.64,69.59341497,10.41859049,19.5,7.871716166334227,16.928128222344764,2.749703849702322
SUR,42.85448121672614,8.0734,49.92344404485008,56.6413903897292,16.04792159171647,3.7541621617323377,6.6456899675,66.3238,24.526731542861825,39.09194934848105,13.55,72.70139066,15.184857789,18.8,8.658673852675568,20.525390483056377,1.0508216248317612
SVK,6.230050137735942,6.1659999999999995,90.10272515410934,90.82644953569958,17.50501446538006,4.6972832679748535,7.3832591775,53.9376,16.921775121201723,28.03191300984842,36.97,78.01092046,4.530701852,16.6,10.034770049048266,23.764378341244317,7.291697761444668
SVN,4.021682170162002,4.147,84.20350517690704,78.28294154230139,25.955405399723663,5.363776842753094,9.283517838,55.7644,19.8446928483689,28.71855033559582,33.67,80.41495666,1.980349204,8.1,10.306668296181101,23.251565931504775,4.1214245666258424
SWE,4.482859430349261,8.108799999999999,51.08468006024674,47.31845110127242,31.14305779623884,7.624890009562176,10.930482484,88.4842,13.61751952573284,22.93872736919614,44.08,81.02212976,1.826962104,9.2,10.941716179864606,25.113070631119548,4.86112162447826
SWZ,11.329687527418619,34.388400000000004,45.4477285696982,46.403659113356696,21.938306763649894,5.44409968664164,7.5205816025,24.5838,28.3822298724219,33.329311514161326,5.57,54.59266973,43.549378967,32.3,8.242416046737969,20.98387378237514,5.483372683213047
SXM,5.748602971546248,7.81481,42.00683917977653,62.53789567139161,20.31060183767537,4.09892170555004,5.246447194999999,100.0,1.206144487917225,6.5426162254613995,17.079,68.10510009999999,24.9201744209,22.990000000000002,10.47608403238444,16.562511123044427,7.3923203736187855
SYC,2.57484510094394,8.578970000000002,81.10177393719177,98.15371202605672,-1.7766254713316,4.29130263434953,4.9571733474999995,58.3952,5.537378920714518,12.69120836035816,65.98,74.01196664,12.101952321,17.8,9.704885297109609,18.411907187758317,0.885419068207068
SYR,9.317747357623388,13.897,12.003034975048491,35.213061184371,17.70952625268209,3.9225548480882457,4.1281709074999995,56.7642,8.777653804272264,17.253432897701668,15.21,72.43803165,17.014879298,21.3,6.665369577627683,21.127603812816417,6.438949332228305
TCA,5.748602971546248,8.110090000000001,42.006839179776534,62.53789567139161,20.979047068351576,3.053624737076916,5.2729054345,94.0332,0.5131970607432844,9.962674135518249,8.665999999999999,67.249279827,4.222884559,26.090000000000003,10.324056300063223,15.770323955219533,7.392620611492578
TCD,5.843038208605477,1.3026,27.45038318789556,17.52737331859782,17.709526252682092,2.857710750472705,4.13496643,24.0842,9.736360715347619,29.09741399704282,0.85,59.08581443,58.687529342,23.4,6.864741325326494,21.28836636359032,6.254876339649389
TEA,3.762138642783598,4.132028593037302,23.23168117250116,20.89964216485228,41.48710214088205,2.8503073128230927,5.20876011399156,59.14811254082353,25.13886383815708,37.132167437807,20.218,71.747738091,19.062732959000005,19.56,9.201317975851792,29.28856843915266,11.374159005837168
TEC,6.923717071940456,5.9306650818836655,35.60548467391254,33.43527417496382,26.445502569835742,4.090913222931728,6.222661970850103,67.00839082264082,15.191543876876818,29.30689525840146,20.006999999999998,71.79309410900001,20.9719659741,18.11,9.309724088481698,27.371156031633628,9.896782211902638
TGO,4.440995947343608,2.0822,24.15612900183456,36.3484584996699,21.0506318082178,4.058308570723172,5.9399770499999995,43.92659999999999,12.7160813739239,20.13352913393578,0.8,66.41721819,39.463099021,27.9,6.851351726278024,20.773156169027075,6.8400159072502875
THA,1.723527022631147,0.936,62.18700629508489,60.51524554399248,26.27774950295372,2.8170896066071425,4.66361046,52.88199999999999,25.80651880064368,33.71094115790338,5.41,75.29014364,8.047869053,17.6,8.867777984496742,25.600268023891527,7.380642247407403
TJK,9.21152908009795,11.8938,18.762801491157397,45.898512029085474,40.51755912541743,5.088204504699668,7.9605599625,27.9914,15.094491155032376,34.32889344762465,18.7,73.49938753,25.783627811,18.1,6.967517685350291,21.13253347862949,7.1428408398064995
TKM,6.436248811008961,4.2944,21.220099163550326,13.8936347599367,20.621509316639678,3.4761375188827524,5.4968745725,53.50699999999999,14.512802878848538,38.55671329181955,19.3,65.70659259,35.613937101,21.4,8.951813524672913,22.74238309612023,7.709075466435973
TLA,4.463237900173632,7.842408025649059,26.11599405869992,26.6219782520852,17.46841000167006,4.00441008458844,8.076642255836468,81.5732633923978,17.13152172162452,30.57486354983174,20.006999999999998,71.79309410900001,20.9719659741,18.11,9.137510123881112,27.65186351551705,9.896782211902638
TLS,4.336384435856745,1.9574,44.679725574948776,48.20533575736795,21.384835209400062,3.9557653310695664,10.4302623275,32.0774,1.3037571460849142,44.32982978836665,7.52,66.52957629,35.927039793,19.5,7.550620248360396,17.341273874875643,4.133308832240242
TMN,5.753802771034792,9.244120208730696,23.61735179137888,28.33970303347156,22.759196327095424,3.4069660373710335,4.915303266469805,51.7238247199144,13.05334080102975,33.05637870672426,22.607,71.782052087,19.930900249100002,16.590000000000003,7.920222606016743,26.24673037897595,8.361641206886665
TON,5.159382983018912,2.3132,15.370827224569524,64.40033903460613,25.981269444867475,5.173847422120496,6.6888709075,23.1396,5.122610052606557,15.515960060647725,10.14,70.21465679,8.029374481,31.0,8.48744855251149,17.079228560687827,0.6896410412306576
TSA,5.46338617610126,5.488810488139194,20.007663711769705,22.98438899687696,30.5188808292606,2.921341716162792,3.1848062825655523,35.80024428614112,14.31292266188484,26.17326689903154,20.006999999999998,71.79309410900001,20.971965974100005,18.11,7.770225616494896,27.04626861818678,9.896782211902638
TSS,5.5692981744901635,6.340054057247076,25.8622783815344,26.53230136180698,19.1063508805712,3.3166404602764024,5.002552103651433,42.44850212156392,11.42717614499374,27.4122892476078,22.607,71.782052087,19.930900249100002,16.59,7.351042572074008,26.111727455443397,8.361641206886663
TTO,2.7285574470270686,4.3582,41.509931150845134,50.60534649789893,19.455655004171255,3.2366149425506574,6.97410977,53.364,16.253850579593248,37.84514959312088,41.57,68.41079132,17.211429548,23.6,9.818707084858412,22.121303058481267,3.6671194123313726
TUN,7.2365150317052125,16.1752,46.56762528330414,55.77423106928307,7.004571776257346,6.870975046922617,6.753832935,70.2188,14.6679958102684,23.2752135296147,13.15,74.06842662,11.254881388,14.7,8.267201850143516,22.6265660496006,7.850111339377475
TUR,43.31002912321525,10.6838,32.68191866766308,34.45702504926902,27.778423672345745,3.5558067162831635,4.3099974974999995,77.0104,20.758125016365277,28.95452476765892,22.36,75.27238945,8.477152522,20.7,9.352541107442681,25.942703899074008,8.215871318380419
TUV,7.060278423709738,8.74203,24.140222392835803,73.37034505912335,19.120056938830494,14.167917650856223,19.6391563425,65.499,3.4103136351130403,11.733978559610346,13.46,66.35681783000001,17.129033797,29.119999999999997,8.66307968003981,16.928128222344764,7.388605186610062
TZA,3.63753238713382,2.6696,16.01270388790108,18.50865740045012,36.329071675748274,3.199589510041448,3.4150927075,36.6816,8.128011369549762,27.75947200848298,1.34,65.23878398,26.819296865,18.8,7.073330730064772,22.519039727887346,6.68799474879348
UGA,4.277602503289362,3.1734,14.34494469523172,23.26097629366204,21.78179799738614,2.5897360693123765,4.7257177825,26.1652,15.8881778366003,26.203633823599056,1.91,65.98577935,30.496342057,25.0,6.86100917422723,22.692938155928196,6.813383059155789
UKR,10.326054972488542,9.6545,34.533156872063635,46.36955377873096,13.22479375258786,5.26121497154236,7.61888981,69.93260000000001,8.942447089759073,20.01526311470464,35.311,70.90674708,8.552918245,24.8,8.443307969391768,23.493204214520592,9.982423863763396
UMC,4.610755314575632,6.102899909849768,23.59656103224894,21.81081227729172,34.422332908414106,3.858735024929045,5.768781522024685,67.89163198570942,22.36084403395322,34.755910953271595,20.218,71.747738091,19.062732959000005,19.56,9.213315217224089,29.468313247810023,11.374159005837168
URY,7.46538949595534,8.874799999999999,29.87311439788046,24.61760826166466,14.98752775105692,4.58054006099701,9.0429811475,95.6858,10.016229212012451,17.18113747471532,46.74,78.74074445,6.128542847,17.4,9.917281027543664,22.651690092200916,4.828105715667301
USA,4.200021333812374,4.9596,10.87504961811668,14.11944609614908,18.21404106062662,5.40785002708435,17.3692579275,83.08680000000001,10.157647603802838,17.55325573130606,36.81,76.37368104,5.491738095,13.7,11.242924401534033,28.58625144452377,8.652568483013702
UZB,10.949691711820702,4.819,22.73607421727182,37.90079373383024,28.17871482109418,4.820919365112152,6.7932162300000005,50.493399999999994,19.44554577850586,31.74751739316732,23.1,72.18877681,11.008593285,24.6,7.85252741372673,23.591639242353892,5.403060191474216
VCT,2.959396075094936,19.4048,19.56467551964212,63.4293922316189,17.16639253441181,6.33259420684886,4.786304115,53.8766,3.7413450372656696,14.04334993432644,9.38,72.55709418,10.696850068,23.6,9.185527731762422,17.43247623902766,0.16126814759612226
VEN,6.597041282401499,6.2468,24.859115480684604,31.013569073363936,21.96179286522858,0.0031300000846386,3.738620819999999,88.385,10.11968866527135,25.849897050406355,16.64,66.85586071,21.477539369,22.5,9.317657349264689,24.16284143937356,8.55376501474113
VGB,3.252598092332183,9.24564,54.66773268834366,74.07471105121218,21.512062130487088,2.84670082410572,9.596043662449999,49.337,9.174717595659457,18.983354497005738,30.360000000000003,70.03681585200002,11.649483708,25.910000000000004,11.024070300309008,19.696458443773043,1.9314344513005368
VIR,11.296833890858881,13.361,75.31866892137604,91.1890614282742,14.78083164242878,3.64642873778802,6.5202584752,96.1312,9.565092502879953,19.53797629070098,8.633,65.26559985399999,34.4091704229,24.7,10.650825850014451,19.767690651193014,7.441497617413621
VNM,3.017228595959194,1.8174,89.5298383542888,84.94350816308095,33.33089422905493,3.016363594431967,4.6081893425,38.7666,24.35878882608732,37.5681257477903,11.07,69.72524095,15.820098054,20.1,8.315398692297775,25.321152876242394,7.279380212841332
VUT,6.383610460198854,4.8202,12.454872689966058,51.8851025166546,32.304294220679196,7.642134025000107,4.0779794475,25.825799999999997,2.579518842284853,8.865987174297496,1.64,69.81194005,13.176596782,36.8,8.10832799333188,17.0383032556551,1.9867778568164165
WLD,4.431054412263537,5.548398017183748,28.73658987625334,27.90988762200264,25.593350653197,3.9842333549054025,10.216644859507928,56.82287909111206,15.75709103306402,26.59454291459336,20.218,71.747738091,19.062732959000005,19.56,9.44351644847657,30.397274853005495,11.374159005837168
WSM,4.524055327286388,5.724600000000001,22.24346817826386,53.185493700646575,27.039924347485403,5.48900753345909,6.236980915,17.634999999999998,4.829590743384292,11.10599356731896,5.61,71.58085255,12.760458426,32.3,8.349991383902022,17.603948681895126,1.5428706681619873
XKX,4.339240820556737,9.259991380012782,35.0582425149179,66.63590216915276,26.265240250382774,3.1878937721336262,5.168852964551455,57.988440000000004,13.00344535636618,26.959100883047277,16.387,64.97091544300001,7.480357795,23.089999999999996,8.644632791166401,20.946327568572347,7.549103984940913
YEM,8.9243111196174,17.556,37.13484634488755,40.98264822548625,20.062451522080302,4.4144895820454115,5.9932322525,39.19,13.132479738286634,28.964305850302388,0.98,65.76206783,31.149801578,23.8,9.274956995888735,24.598443226931057,8.925130308258252
ZAF,5.06548056029471,32.3516,31.33106691483432,28.36094681661556,14.70810951964838,6.205280017852784,8.6762530775,68.3306,12.39468212530486,24.43517768000192,7.94,58.90287177,24.417539886,22.7,8.73964300940564,24.600828449317547,9.287667920014524
ZMB,14.923437996740798,5.8186,44.9940995418948,33.2445412249874,43.07067161408497,3.697491477356513,6.2388708575,45.766200000000005,8.43110633563631,37.978845177558426,3.24,60.96884286,33.728738,21.6,7.106071678102494,21.458876111281672,6.158915668326318
ZWE,253.48436436092675,9.1122,23.32511148293448,29.95330653444872,15.384153175482702,0.384771297211919,3.1504007549999997,32.4254,16.74167073026738,31.874638712212317,1.36,56.19460869,36.077838041,30.1,7.63170623776057,22.458443249906377,4.1180285362262525
