economy,PC1,PC2,PC3,PC4,PC5,PC6,PC7,PC8,PC9,PC10
ABW,0.7638086406801644,1.7328713459686584,1.0683028788881108,0.2619650272002835,0.7398916409320206,1.0565523522519729,-0.2894361005903955,-0.45860899155339,-0.11279664850093232,0.21419879752770707
AFE,0.9055661350995158,-1.1944663430422522,-0.7422942310452803,0.13349667481162739,-0.2837551962077628,0.04314887547864165,0.10614116590939919,-0.8710323334198573,-0.060884519452341586,0.685137264904081
AFG,4.148394290349815,1.7019499544928762,-2.757931313166598,-1.2214775505182922,2.264559449009994,1.3098622658590804,0.7666860649213286,-2.1156909540725937,-0.6347874391453381,-0.7485452278827779
AFW,-0.03387760958147356,-1.264558938417341,0.9668284304304499,0.07047055454678097,-0.560188017084842,0.7652271782627664,0.19688320899931414,-0.4565712780789982,0.04325756628673787,0.6521940023519329
AGO,2.1432303809532693,-1.587595068998619,1.3794405283343687,0.1057847505759931,0.901455455263857,-1.5514222460035503,-1.5405794076243455,0.9330590503418282,-0.15234910407554916,0.041545296072136625
ALB,-0.9305623745450088,0.1807605102352034,-0.47439349102263034,1.0059010752742246,-0.4573743043650356,-0.38370264580117847,-1.0698042633812437,-0.8259685572610278,-0.5474390108228343,0.7075752185162154
AND,-1.258315796757098,2.162632733885264,-0.42442039167984946,1.1996552524886015,0.5604735273583199,0.6956714996829927,-1.3673008068356138,0.01782348505195731,1.7167052471139437,-0.45142300570451643
ARB,-0.3582160072743938,-1.9632044918261842,0.44726146763451186,-0.4652656930491678,0.4717251165414705,-0.6386283004219955,-0.6152433246982356,-0.06406517177413407,-0.04494642206791712,0.2866405731306066
ARE,-3.4373144353962406,0.43793486457307185,2.804252742896961,0.4707842767325279,-0.8283276296404548,-0.4443742107613816,0.41789502531290584,0.21798890837076443,-1.1101101186972049,-0.9467122885449536
ARG,-1.5336323963165244,-0.5261742634679916,-2.6078474764231676,3.0599126539463377,1.8443378510492567,-0.45217099270718153,1.5653524934910286,1.9133584366737604,-0.06793994778315017,-0.19619838299041312
ARM,-0.006001836644665842,1.2929286040381427,-0.09497342447605221,-0.1901939567432193,1.2174063940440056,-0.5483126354823656,0.128175445381108,-0.8101229914401774,1.5865800138808994,-0.3867761580573258
ASM,0.6402694711092107,2.748025598103687,0.507618340233575,-0.375190786512877,0.3537784722340563,0.660877804982865,-1.1909587748331747,0.9660157709721815,0.14005128881761605,0.26106733784239383
ATG,-0.360926311629494,2.027326414928597,0.9661310071994451,1.8750326471398824,-2.259264931009447,-0.8324044094535089,0.10101766525989163,-1.2929703023752475,0.1585260713349389,0.23213572288942766
AUS,-3.4742764445870256,-0.04185876159033935,-2.051058939548526,0.6812938877122803,-1.0908976037271112,-0.4395148872663131,-0.5584048413025395,0.1486546673802065,-0.6507283237850366,-0.35815903798812954
AUT,-3.9230868618589794,-0.039086911538386046,-0.8615010352211883,-0.06432047486736414,-0.23988497912171872,0.14865452588138994,0.9559346522035792,-0.5566187300876696,-0.06373017169574595,0.47375376299642313
AZE,-0.6588881725914263,-1.0459881313477533,0.8506268846076511,0.3399105969206376,-1.1762070075027715,-1.0024820469798297,-0.40814590004441037,0.3216228690135467,-0.023383433892100212,-0.3705116913846124
BDI,4.026547829761991,0.6650252095014049,-1.8776923649850603,-0.13536858161834392,-1.3692097268495895,1.2125657442856685,1.1985702922447197,-0.4508198864158681,-0.39724501799973777,0.17689726988818474
BEL,-4.543715184421181,1.7961876123532725,-0.2337411173340022,-0.20502493493173346,0.3421210365002986,0.4701029855320835,0.6442458023941227,0.04109700995399131,-0.20690919885281323,0.01868429000826866
BEN,2.7821354019295246,-0.9406460450034705,0.24784665317790436,0.02366740743596214,-1.2366557953579527,0.9796160332376161,-0.8992920773863754,0.37829392339319445,-0.369946685365523,-0.135874873622326
BFA,2.9846060990203154,-0.390486847031545,-0.17604674602563045,-0.7337267828760895,-0.4304785811124324,0.2034330091827306,0.4127274415571333,-0.340472693384608,-1.123336363610115,-0.3302794716765485
BGD,0.8209669272351028,-3.4083032246186646,0.6103416328850957,0.2378363886668411,-0.8822053044565011,-0.22004866151693034,-0.18550382260013082,-0.07862024703705368,0.01120790685134654,0.5267864328986307
BGR,-1.3250031975908603,1.106110875423332,0.16612004029848837,-0.02680044787154791,-0.04053290005623519,0.4110925071463679,0.7355070445739308,0.07949056422564714,1.2149907714760502,-0.7094268961630589
BHR,-2.049610916786004,-1.0302526725204835,3.0425087004427356,0.0805082682322051,-0.502093003438472,0.06194659543252997,-0.09859393547435472,0.7831623638345292,-0.516666985674103,-1.03008432305479
BHS,0.024623456516030647,2.741604140778945,-0.2689519910442995,1.4865764739025549,-0.9059240152922721,-0.6451353147551756,-1.2029630970947316,-0.13122527080851523,0.4215501223214125,-1.1257857441558454
BIH,-0.661138758314586,0.7144508212298989,-0.048737844089705495,0.26237597851465116,0.1823956649281007,-0.7431709187185443,0.40651293193964827,-1.0870486870895348,0.7390727682918925,0.48330736609688735
BLR,-1.8892667118465214,0.06545395827239892,1.159425846570318,-0.14308625865794317,-0.1446312555934578,-0.2605730824211692,1.6705601795702418,0.16695890830484025,1.2260858592527664,-0.9561537595630549
BLZ,0.39759484249736,1.6726889069348074,0.5369704074516499,0.6652530098192118,-1.432304525592208,-0.7888072079498107,-0.03162253008773873,-0.4140640585102775,-0.3327296533968276,0.5523970210210122
BMU,-0.3394018282119484,1.2512658210047378,0.22711467912746303,0.3386054621949273,-0.46012210940100945,0.4281286361122507,-3.388110248590675,2.2995722767520053,0.835524999874476,0.10879784638878978
BOL,0.9001029986071406,0.46420736456434847,-1.558519430836051,-1.076093798005064,0.012773349251541022,-0.005581089878812722,0.3935370663938002,0.40669645355129086,-0.7753433816181137,-0.7002656545083791
BRA,-0.8522440810677494,-0.255592577415331,-2.1553246292848858,0.11506079482577454,0.7876812449110548,-0.5343725327924386,-0.4747211377482679,-0.28469462250795446,-0.720403064412141,-0.4502300905986769
BRB,-0.7762638890851473,1.9380720762545864,0.09985729127848866,1.2603542042940346,-1.4930410977359845,-0.25321026975485966,0.27749871883733457,-1.2340935894432832,-0.00022463164440969253,0.6577266251056547
BRN,-2.2082100397408913,-1.0513174413602249,3.6741314435525596,-0.06568799193032722,-1.8957519757844916,-2.4563356750974457,-0.38030427023135766,1.6000666657156644,-0.3814315847632538,-0.8505559754508867
BTN,0.557237307136317,0.36622909623745903,0.28279293725794763,0.12210663460845878,-1.9276900911899189,-0.7613279740140063,0.3735145838641369,0.05405404000531016,-1.0310666484403648,0.3651694949489935
BWA,1.4931668904385478,1.1764899919234506,0.2015470608404831,-1.2990235313474547,1.0395432071989053,-3.3599948963461297,-1.2070833080463783,0.9114186609354319,-0.9802068084230889,0.5406092169209762
CAF,5.020724328142414,-0.33697585420036297,0.07673718578573961,-1.1694735426488727,0.9621600758182682,1.0400774270761615,0.2140747616266761,-0.08753095108551348,0.4922046536610617,-1.6338817750830903
CAN,-2.982389961334505,-0.10936027388138878,-1.9426928933516083,0.1957050330423972,-0.029995156427074284,-0.009759340476335008,-0.5279866736213059,-0.14400438426012666,-0.8771765650296582,0.04684838824481102
CEB,-1.1394794827772672,-0.5828431857140933,0.31465176252507954,-0.43151890859692366,0.5303043982229121,0.9823615165968098,0.3770610316649075,-0.05498206069612171,-0.4204368874552884,0.05446193970588795
CHE,-4.441419175653681,0.08782330562576608,-0.1715331131311852,-0.3182315284004808,-0.2717310592580801,0.10612800476904279,0.8726182893236,-0.09172554411360682,-0.48343479236821196,0.17084164634868446
CHI,1.7220382630066295,1.7060302485020629,-0.13299144250140513,0.10483183320999476,-0.6232395058871752,1.1666155142338592,-1.266878482614139,0.47871662721779623,0.44872412354295554,0.5974229297997299
CHL,-2.3477739148146894,0.3667825337387422,-1.270317887620722,0.7592099956340108,-0.24437322733674177,-1.162848267270709,-0.1426543433554407,-0.39622588628373473,-0.959757184767091,-0.641040730672353
CHN,-2.2279992606946855,-4.171584329505326,-0.48962361457762577,-1.1524284142983319,-0.005838041239343254,-0.09796453635026824,-0.022462037931485674,0.6016521934494853,1.247593766502822,1.0343274848844484
CIV,2.7943873925372738,-1.0518961306364987,0.08534298494303746,-0.2030329903308717,-0.3266456065505809,1.0776039484653634,-0.48932946137644967,0.16354745664906611,-0.6098080246980596,-0.7567214423960363
CMR,2.6360146850807866,-1.2115646776765483,-0.253876945120756,0.14792967306980198,-0.055248024466331355,0.8750898429826622,-0.5996254683451732,-0.16900536513369602,-0.41545671596747,-0.9278293383166858
COD,2.5501553742935665,-2.31325759968059,1.609760996605859,-0.7304697420131674,0.222290748461312,0.16622506145561233,0.2547547688661198,0.0984426918767032,-0.5052496554521129,-0.6038549644007004
COG,1.614221342225709,-0.7872227739577228,1.965863812699591,-0.377960957207375,1.020312714166107,-2.7194185217721993,-1.3756555749381556,0.09876924901965725,-0.22733906079521818,0.2184427204013698
COL,-1.1939417994675947,-0.2889768393199319,-1.983830170090312,0.7163600933503315,0.4612511986160057,-0.7857665280263714,-0.650938099810248,-0.8206836929922967,-0.9643591243843928,0.08261697224435888
COM,2.7926196823139655,0.9574331588141047,-0.6065340522662195,1.1401209037536597,-1.5160610744019813,0.8415716198231358,-0.11082945937135118,-1.0649950442131115,-0.42835938494526354,-0.312531267823392
CPV,0.50701790988713,2.5315212736905153,-0.10151840500179256,0.653306579728978,-0.9558797946676174,-1.4313101389272342,-0.2828266589617773,-0.4307288556753649,-0.5597655254755546,0.38113430487709443
CRI,-1.9468431299019042,0.7571779042651265,-1.2245584088869435,0.6611160821102744,-0.045282812275008875,-1.2192063772739303,0.003657627334134171,-0.872425888014322,-1.0410396020008774,0.04950608832818182
CSS,0.5313425529290459,-0.3215560040961323,0.27014691692873255,-0.10014107004707934,0.012534502168298685,-0.06007716853060347,-0.6537989367266067,-0.11095019807533575,0.24951774001923788,-0.11879404082635604
CUB,-3.1328232636347484,1.4062180736045142,-2.5031766875418544,-0.6794126556517225,-0.7461801060100229,-0.4375262614721811,2.2304679190380097,0.2928113929537461,0.8782954130666581,-1.1644442810257642
CUW,0.878138607711281,2.10678057049097,-0.7309758968156163,-0.34129763825899306,0.0578799780672129,0.49266173487558823,-1.3386772406903058,1.2546059909251424,-0.30401213629039125,-0.2997257186355965
CYM,-0.11922840343800574,2.082823869010402,0.1411777773099234,1.1153806245074154,0.6509332684269784,1.074159856608691,-2.6878908583590793,0.9135755634783672,0.32439532596595616,-0.5154377050219601
CYP,-2.934078993199916,2.7541081316593194,0.264253992483993,0.9155546374622634,-0.35859901117379867,0.9946219565529337,0.08087136508444413,-1.1031763336457485,-1.1862022309024831,0.9117487714850624
CZE,-3.0516629598693394,-0.19487341421850193,0.5478656092207043,-0.2802752731487232,-0.07824391346349731,0.4695699044150602,1.2603328137248049,0.11855369723449488,0.6104493560581931,-0.25869830657241627
DEU,-3.485901698544174,-0.5788301531639682,-1.4297560949270072,-0.5735842705826366,0.07521556357271933,0.2650151387233203,0.9251091919773112,0.10710402836050227,0.2505968201285378,-0.3654125689371039
DJI,1.1787445399643752,3.955486984153931,3.9837262366599537,0.38654836554458216,2.822662718160787,-0.7219716686062203,-1.4423849901251153,-1.6110259057851168,-1.5633404007504799,1.5600387200162473
DMA,1.6554833572823004,2.215258772155587,-0.11470077816096731,-0.6218405730257202,0.029935074304478126,0.4217735563981882,-1.0383702629276377,0.7124694664439195,0.5069173215400841,0.0640674720583032
DNK,-4.058074341956353,0.5039141916593007,-0.6285982642858905,-0.6510433981235233,-0.30461099131162384,-0.14954958992197773,0.4149728210208467,0.6551257805040566,-0.2928872734807711,0.4294053273790886
DOM,-0.48729984593320674,-0.9680623487884507,-0.21650615472691398,0.4955054925852635,-0.33739970943647574,-0.3337168646729874,-0.7975163130317595,0.2850777039611894,-0.3842628079956333,-0.7113015443616287
DZA,-0.48427708336464165,-1.1863035733173284,-0.054495232406202986,-0.2733243917528575,-0.6846381464709883,-2.235115530570157,-0.9899143819763695,0.8162000378404373,-0.6633507485157926,0.6069319499427982
EAP,-0.8320586344075528,-3.9933476546601416,0.18995058255722905,-0.9712145310984863,0.2315174437102617,0.2201985928447111,-0.14709728289494564,0.6214854107394092,0.6775460065127205,0.3620976630343978
EAR,0.06732160216318184,-2.7381118538053113,-0.4546578281356395,-0.39696385474739176,0.2297933466779159,0.43831219290225193,-0.09808241834377333,-0.3891911667332662,0.15940673509080538,0.6603812443748425
EAS,-1.0087526367991955,-3.3639387819990088,-0.143884933039695,-1.0408500706100006,0.5110410266150812,0.5590739406041265,-0.09949222388556078,0.48668771271424,0.44308424775024496,0.2625782004146966
ECA,-0.5088028281486567,-1.5413668411493544,0.02563126202398661,-0.053367325919332215,0.38224875717319456,-0.11391810832643152,-0.10077156232043039,-0.17583197159515404,-0.046279066056487905,0.22785664137048336
ECS,-1.2982571991065595,-1.0674430615738986,-1.141560792685764,-1.0676981950516047,1.2065191723803261,1.0893220753884234,-0.3750493288852835,0.3534355329261974,-0.1680486987817384,0.3921487512025015
ECU,-0.5093529636083505,-0.7684779341101912,-0.7865228206756377,0.08045879737678087,-0.4727965191628044,0.14401015278605053,-0.14279381722779347,-0.21035599391081072,-0.18336757636064238,-0.4272267152770635
EGY,1.9303099266951935,-1.7396294739882308,-0.5822177059426417,0.07812415895444165,0.6861988257852156,0.3587263931473674,0.09234613280578856,-0.22929619121872097,1.0867319557502544,-0.062050882398741014
EMU,-1.5436383935508071,-0.7031756333125202,-1.2123069411891012,-1.2780968115870197,1.4765616779088093,1.0292004797186696,-0.40022182984378835,0.4384647030285253,-0.21086972917117927,0.34497055774028684
ERI,1.6333209655712033,0.03480181925741211,1.127694936771976,-0.6698710565000188,-0.05834864732261776,0.23166320482216918,0.3208297067538685,0.3487480330109839,0.22873109209045192,-0.23270081285163685
ESP,-2.731183090234173,0.3060321024252433,-1.5240206106377978,0.44565280733712204,0.47486299851955593,-0.9169904392501456,-0.4672019085942441,-0.6568827522026539,0.2278444449975984,0.36638129594807
EST,-2.645409213736032,1.449622604242548,0.9693301568020358,0.4455378900957665,-0.6236372891125771,-0.2782923251378211,0.6703800897751024,-0.17556864331012856,-0.4988333725442538,0.3291432777950561
ETH,2.824915978588555,-1.3745213484294612,-0.45514054179086894,0.976257922257477,-1.6615743440200281,0.2730613224642961,-0.27996058015981534,0.21501869914913901,-0.9071345338800708,0.8116477812942761
EUU,-1.5005615024984968,-0.838241680838827,-1.0457658488225132,-1.1979018420520697,1.3918275715977884,1.1529872105636536,-0.36929951754537754,0.3952595623804115,-0.17875050669759388,0.35978715188058935
FCS,0.37547569333142267,-1.859727197463277,-0.15283128330600532,0.40428269966444663,-0.574896811345034,0.1895820810127373,-0.0031669576868801302,-0.7794913648089001,-0.061484659991082574,0.42345744018632514
FIN,-3.0831449203068395,0.3641076821228082,-1.1819638053913695,-0.09409959419974775,-0.0658098001076528,-0.6677747120039893,0.2483376952287114,0.10041629465456627,-0.43338418576725424,-0.13066407408086655
FJI,2.109179183437929,1.6974704888159076,0.047206252518497915,-0.11638777255105241,0.05891494306393915,1.1710945312377659,0.3717398103362424,-0.42466551494318544,0.7592297524704748,-0.8345830526383492
FRA,-2.7826164140222813,0.37247859369080033,-2.1219480485654225,0.0218374508054907,0.05602391209381175,0.028859737831532787,-0.30371196251757615,-0.16764300823770187,-0.5042357447334445,0.2092655055478993
FRO,0.759510603923552,1.260572167030424,0.4233328706979729,0.30596421189369827,0.3970206095888101,0.5093314584795764,-0.7870775510743308,-0.03783175437822985,0.15709865137225676,0.16285735071497934
FSM,3.3224521849171835,4.93552943491355,-1.5757573609528572,-2.727987774541281,-1.1432718938497515,-0.8396424810135326,2.0925543581080235,0.9963935184529363,1.3963895894718712,0.4504407102825744
GAB,0.4716037859143074,-0.9431443122387136,2.003670321744051,0.5689333877724652,1.7986363519669022,-2.877642503553651,-1.0439375211255368,-0.6545976958488064,-0.5402754585064217,-1.392568364548122
GBR,-2.717194518862549,0.2095289960898185,-2.486872736693187,0.19078393165113194,0.04164994874118021,0.7754184365810529,-0.39591804051765606,-0.12159869340979816,-0.7254020791915432,-0.07886983118381521
GEO,-0.2524892609973652,1.6551787642607663,-0.12645884234766322,0.3084666432844545,0.3928247170277808,-0.22088725908630044,0.5293613120415802,-0.8435660453244,2.4772591727112445,-0.33004291538920794
GHA,1.9017983279426998,-0.8877078509010138,0.212787860043343,0.6213478864672424,-0.04994413436075917,0.7484925994483916,-0.11783092825601264,0.37096943374755315,-0.3159020613379218,-0.5024349009955653
GIB,-1.1527836845351798,2.758092961192816,0.5097946279218707,-0.04718602920485173,0.5282542779756711,-0.3928840371511464,-0.3808247864842245,0.6002509938848283,0.8605789639583304,-1.2926718120040877
GIN,3.8648379616493918,0.3037357539074,1.6923481931804207,0.5064852439080195,0.08248499819543058,0.822817275653187,0.20820160193183063,-0.7673582630447291,-1.183319008632883,-1.4221791333225957
GMB,2.8368821802701762,1.239280227493088,0.593977563594047,1.1636741678594793,-2.139448848364526,-0.8392883169584398,-0.8346406332056602,0.5306472207311514,-0.2969139553865696,-0.555153102599401
GNB,3.4052995410032194,0.7492974237976538,-0.8089165758730964,-0.26281827311600636,-0.8529775115716028,0.8378414556501532,-0.0005963155482503823,0.03522595195860831,-0.6282128078634032,-0.8663979778834644
GNQ,1.5147287464120303,-1.1615350879277817,2.0271184377142375,-0.1875366137639438,0.262904663039046,-1.7767106348750306,0.36343775289765495,0.2893270256681685,-0.9287276805325083,-2.4240970496261003
GRC,-2.3234778770519506,1.41411418509293,-1.3471553757791468,1.3898154208950455,0.7740068151644792,0.005301519123329021,-0.37389948898309683,-1.6491604955997259,1.2476617230815543,-0.33368111827516955
GRD,0.9188803810282071,1.867057030597637,0.26172765467230513,0.5992702976200005,-1.7538234475982426,-0.49786526824900135,-0.36567894890160846,-0.3170600760701949,0.1614242855243853,0.47369019588244843
GRL,0.33894282921299007,1.597547514919921,-0.08614640093425091,0.47279752274316567,0.38722348286657543,0.2801650738113497,-1.8525577106113749,0.9506016324839156,0.10056997474348606,-0.6363733818986781
GTM,0.3705895340483875,-0.6194318877023643,-0.5469174733545669,0.5796002629581414,-0.977855596583589,0.4699741070185809,0.2109310822694742,-0.4664899584440757,-0.2789553221355992,-0.507519796904175
GUM,0.16705827782349275,1.1838731555157027,-0.7099786634491514,0.38684753331299127,0.22064368918680727,0.7870358873413715,-1.5186211295754675,0.8750764090178358,0.26026416276149833,-0.8731202271305176
GUY,1.3175089393620023,0.10211252311960246,1.6047264526875469,-0.25558495237949747,-0.3364347547297035,-2.085053298291216,-0.1291034440290583,-0.20358154342776763,0.30433106310593055,-0.802398865461301
HIC,-1.5619462312328458,-1.0367160100958226,-2.1685495347019086,-1.2318700754459426,1.3052792269230147,1.1997466591228123,-0.467915878640095,0.5139100564715313,-0.2590665466235327,-0.16924953277800722
HKG,-1.9201957291194518,4.014241318378468,4.39053829865644,-1.412181372279816,1.8176585300945038,3.7896416614845445,-1.2059760138905915,1.147184403403789,-1.370317412938523,1.6801660125072024
HND,0.42192887219270103,0.1849220647967027,-0.1531188252385952,-0.5931291735565184,0.429068975396499,-0.06261847716771705,0.5363146993030601,-0.3091980436616138,-0.7578102731296465,0.18986988289157006
HPC,0.8620564778406669,-1.4481453519111995,-0.464544301400127,0.4165294675568377,-0.8264046761868407,0.5227420246894845,0.1784480521101007,-0.8870046485445131,0.12355766320489094,0.4837475267914852
HRV,-1.7396238736222296,0.7008127775410374,-0.026917342825529433,0.5129720643143109,-0.6388847149759836,-0.003939352747714713,0.41335242211139805,-0.5263489244620561,0.5213901111032304,0.22423694252726417
HTI,3.492034893762179,-1.182309105782357,0.5390087728490244,0.9569818121418437,1.8244265441674627,-0.7038998617838683,-0.12640988810294615,-0.47910644244438894,1.1359541257371677,-0.9275034197472871
HUN,-2.336839581452818,0.3151925597431118,1.1838115482254072,0.02032228749399228,0.08419593737256753,0.7105322757253546,0.69032120639948,0.044736929994026516,0.09833344636873513,0.2502070566182669
IBD,-0.5696659814570975,-3.1824104477284503,-0.4074872236340005,-0.8273710982909016,0.4832850821476899,0.24799668979006134,-0.06580768350683766,0.18275528654691844,0.3356225079652346,0.5244114821306045
IBT,-0.4020542631275007,-3.2240093092408704,-0.3874734401718538,-0.7404366074035167,0.3703623702972427,0.3347582512662592,-0.007296820747687809,0.02611477957007076,0.35141502673776387,0.6314616317678283
IDA,0.7384747113510651,-2.2105191555009225,-0.3789162643938542,0.24261062642159884,-0.5179528925486271,0.5418207105076861,-0.01932250992681172,-0.7876533441465939,0.039669745930556666,0.7052782543792185
IDB,0.6178042362528845,-1.8381579485045783,0.02763251317767885,0.16234070643771703,-0.7166207115710925,0.4032512207790524,-0.1847882808536867,-0.4305771230977107,0.14977325944762881,0.6436079103743877
IDN,0.6740671977286884,-3.474466923130512,0.8257355566222557,-0.1709690265989108,-0.20245225691001106,0.3178967151949616,-0.8396080037867679,0.41108820887832453,0.7106397920603532,-0.21379455639327594
IDX,0.7073266239081467,-2.164941822209727,-0.052505728199559364,0.16211760837419578,-0.7564828224603157,0.24697799411650573,0.24327048069400897,-0.6774317075346658,0.12307243125453514,0.7252913118770641
IMN,0.4143768265751049,1.7291667807361486,-0.38559585165650717,0.6368071248052779,-0.13693964913952442,0.8039185507587816,-1.6330972893982088,0.1885896299528248,0.7028107608504508,0.3290069487668924
IND,1.477559945332701,-2.456746462589071,-0.38161508269714256,-0.8009675866355707,-0.27680860186986594,0.6038588937715015,-0.42268488315239716,0.22762558782376477,0.3575537117355108,1.3147307796229193
INX,-0.6209783651989242,-0.7927035772521853,-0.3501318853334539,-0.26513466720866313,0.5189122300898343,0.4474446443501075,-0.231581551858033,0.07280194703809337,0.02893675610341801,0.37738623872873783
IRL,-4.285021848610513,-0.4346789729990046,3.791078319140839,-0.27689711191157274,0.7980841066450484,0.3770090998427215,1.9790831511092575,-0.5362046835078949,-0.06290801678167272,0.012650529185215755
IRN,-0.6573594737831672,-2.1909328859048713,-0.3375703728111804,1.4143133832154196,0.9435753455123183,-0.6762821261278509,0.20698010854199875,0.18384892897626595,-0.3970472174716507,-0.03491564069404612
IRQ,0.352665565498569,-0.9278006732848342,1.2655618680559022,-0.6742949507612861,-0.4342392856946315,-2.9022521432900286,-1.3446071553904875,0.9623932162607406,0.3341996082209718,-0.045028371427979635
ISL,-3.413253446702962,1.6791947925071429,-1.3666473077660184,0.2598971546614741,-1.2111512077377535,-0.941229513232876,0.48202174693758143,0.6508866018636414,-0.6156262817173627,-0.6530128128476135
ISR,-3.348676374212703,0.04367415853653724,-1.3209459463653606,0.5018793247916192,-1.330824145255223,-0.6027865419076195,-0.23966898352193225,0.5130317778874592,-0.5411485349172788,-0.1538817829695399
ITA,-3.0224455500198735,-0.8421032395336991,-1.5129457120415608,0.5186074643888181,0.10385006477751375,-0.022799412933077516,-0.24743635722150764,-0.727156009198717,0.048341487025185446,0.4260526699878378
JAM,0.783650844799913,0.9522095476638267,-0.5262404170318241,0.0007671435449756512,-0.861280102936053,0.006558323957240053,0.19919979318275247,0.10613752381539,-0.4972220762515717,-0.11865138404366622
JOR,-1.09159929810038,0.32747332325060036,-0.07501167140411054,0.8385621691021812,1.454563239809719,-1.4676170742708605,-0.6968988721412797,-1.420793768674454,-0.31704067152653026,0.03154880440933261
JPN,-3.6305716129427195,-2.219958524638651,-1.7601191055898453,0.14748513945370936,-0.05060863512174926,0.40326764563871614,-0.37048166115103476,0.018213333659354385,-0.782303782702773,-0.2671330779997124
KAZ,-1.1182333581926192,-1.0714419603036096,0.11075471915123643,0.7140019233741504,-1.0880096639712116,-0.6645517819161865,0.24311613407446253,0.05547716195205602,0.560681339523863,-0.17484705831801767
KEN,2.392690493837886,-0.5664247785352119,-0.9701755186036524,0.3410280189305902,-1.0698360831223954,0.4043606986453862,-0.3066015429941679,-0.6078966338477261,-0.8271578344651419,0.48953406824384543
KGZ,0.7234649679856102,0.6629859558267147,0.4529502956607472,-0.2966773280213927,-1.102850638858427,0.07769252197404719,1.593431299456638,-0.2771380679862449,0.09471767667340217,0.6805413106756836
KHM,0.6451414633903684,-2.3457684553332196,2.73663543812201,-1.1463750866909859,-0.4841895702091446,0.928001968105692,1.4125360045541986,0.046992523487902185,0.12301312045690689,0.38690711125460037
KIR,3.2001101796135516,4.432958710881083,-1.5693979803555513,-4.528618016829664,-0.6290809321838952,-1.7069056004088297,2.2819703415562222,2.758136425806255,0.04113827247983272,0.48296273896768654
KNA,0.8410325641638879,1.2715018563318288,0.0680758906205186,0.3255627694427139,-0.6962722961359956,0.16914797086677325,-0.5797615748613089,-0.5246716257744731,1.6669327251620336,0.2658829996157976
KOR,-3.968864910114652,-2.089801441170379,-0.4729791616600582,-0.3817475517164633,-0.3149416284666005,-0.1727931610979422,0.5611801991822746,0.20948437705511486,-1.0563555242386438,0.40688095917555606
KWT,-2.949271745545439,-1.3679667832412512,0.7700213757394894,-0.5559858968666328,-1.3551512551148164,-1.7299376815913783,-0.3830436317631848,1.8321210684157188,-1.074518735828006,-1.0197339298335175
LAC,-0.5282385985247938,-1.2807220410926548,-1.3426601752880234,-0.1375091524833444,1.0020227702870386,0.3950318747122918,-0.5320679409913159,-0.24493523492960212,-0.2934577695809964,-0.3635442879491882
LAO,2.531132084313933,-0.8776683311183949,1.1679875580687793,0.9574536669506905,-0.9687711217353162,0.9191030327541142,-0.18232435429576885,-0.012330881690637957,-0.1427444174307524,-0.5691368374449841
LBN,0.4511830440195359,2.545285927085353,-1.6154720750184068,6.506810776050294,2.020309807068555,0.6585241283270928,0.7804526218808938,0.6714393336228721,-1.2444519458415408,0.6084980066243606
LBR,2.83909775982865,0.9160218924331115,0.21268124607961025,-0.525958981716515,0.5276586877509881,1.711259138814336,0.32153857240516587,-0.23684267242835386,-1.5222579189074843,-1.0761743478641308
LBY,-0.44830300568998543,-0.6338091857025464,2.069923342451497,-0.3353744069582519,1.9886590181140604,-2.509788821947907,-0.3111404982350918,-0.5985630722851667,-0.15609792876003456,-1.00912948863516
LCA,0.4765414370523828,2.4399556978898826,-0.1325345379795746,1.3948588153791837,-1.0569480102879443,-1.3637899708433803,-0.24852211987691827,-1.8138526707909726,0.9963789433783481,1.0102163574694567
LCN,-0.6543516999959992,-1.573296841961604,-1.1515680774166066,-0.2614747692542094,1.1828044578065136,0.25200481929868424,-0.32951873038641466,-0.2854971252764731,-0.31416591135609534,-0.5809860943115696
LDC,0.8580109428221258,-2.2745824329517585,0.07346961361824376,0.09891564866765715,-0.7604760692516538,0.1529082508637649,0.17925738528539817,-0.5617627689645726,0.26692846640058615,0.679559330533186
LIC,1.859541036657144,-1.3404332172350983,-0.4426279877325792,0.035298816574639166,0.20378693721545224,0.8476106957865236,0.6487524878575924,-1.2345768756804238,0.16226671242328813,0.09705200490227271
LIE,0.10332123617090198,-1.7522942801131534,1.3082807118823956,-0.3365931878812935,1.286128116052597,-0.057091257023223194,1.5173103037630986,-0.9405879580514737,1.192438434337097,-1.0298371318648265
LKA,0.04411497398503248,-1.832348257771227,0.5506802485719052,1.5743072668853881,-1.9483412075491828,-0.6242084220469246,0.8158117785837332,-0.9590356249876206,0.264077156456444,0.7490374921168118
LMC,0.41539736666102056,-2.3608364569415694,-0.2002521601181787,0.018019707349571944,-0.3996850940000069,0.5103180771615393,-0.059066763591740415,-0.5193711449124644,0.12562576548331827,0.8858037274848274
LMY,-0.37636021137729936,-3.2849057420907726,-0.3608825358148402,-0.7381476233445462,0.33582132531389586,0.30181211812615727,-0.018396246760272107,0.043286918505316276,0.38976058070972264,0.6682582316237496
LSO,3.990174967190827,2.0297715314136946,0.3970905398283793,-3.12817507312904,2.6501655770650485,-0.6988695167028814,1.6382958886159453,-0.20199465375846276,-0.24678068243883855,-0.22171176406996165
LTE,-0.9550972858624429,-3.1656804973503205,-0.26388625647108266,-1.1115092986790596,0.5733795737314834,0.19397134299305008,-0.07057583195339548,0.5957468354475741,0.3028064549047599,0.35793781691615795
LTU,-2.1060730592023003,0.8114849390211505,0.6476545203352357,-0.3504157533246635,0.7772638933366504,0.7107643638421804,0.8037308222783699,-0.16060223427209058,2.2682963133912826,0.027464465276954966
LUX,-4.619606551217011,4.9341291618281975,5.0507575693304245,0.6097904709462344,0.6949277753480867,2.4260465318603575,0.22632116370263475,-0.5280697966406056,-1.7806973204129,1.3982758654692995
LVA,-1.5748528466878788,1.1567627804304412,0.37302318990440686,0.15898568328975723,0.18684210328249648,0.36106254955871214,0.1282788450541437,-0.20205883044451955,0.06196720309741409,0.132820047516512
MAC,-1.255360955614975,1.7883947508243179,0.8514044728765976,-0.8394192437530063,-0.8417705983235984,1.2158751839896735,-1.973724068359447,2.339577598032918,-0.24387989708139027,0.6390207751480712
MAF,1.2324313918414898,2.4396581431538547,-0.3793076054015098,-0.5814684420950896,-0.10777337342861788,0.3044050583113812,-0.829403907470288,0.8413337626245007,0.44503965698814013,0.3830111819222114
MAR,0.05867733603418208,-0.5987820066008901,-0.0685144472434068,-0.9880119413548379,0.20852604010250766,-0.4807717103758031,-0.05693415301325131,0.25961548703079873,-0.06274424764574484,1.096593272498026
MCO,-2.3135510887799238,1.1207768955858024,-0.05791890915061014,1.707466154766125,0.747962019968325,0.6675201849297816,-1.733562801515918,0.21836303485228403,3.6681422561788013,-1.1763120191837269
MDA,-0.3377693001672552,1.4960519978165618,-0.7138727314470635,0.6293256640817281,-1.4439243723574073,0.474216567328062,1.5941485695404936,-0.6565752411425348,-0.019498943670722534,-0.436107642862261
MDG,3.4707472901120764,-0.6982117194895264,0.12887468211869124,0.17823114287109013,-0.44758528616621274,1.1506199863152944,-0.00015840632601902042,-0.5619142662254916,-0.39539082957891203,-0.37161866065928834
MDV,-0.9370900365894106,2.9384749812711783,-0.27391498781937956,0.7356875695243471,-1.3769816202604384,0.7772923505743498,0.5104586520420287,-1.1511546764210971,-0.9848831052468109,0.5669440862542295
MEA,-0.23703546944666526,-1.9813471104949687,0.057106101343488924,-0.5068442394137683,0.23102336164449302,-0.3164929062008324,-0.39107808742006234,-0.10386948905799885,-0.13503674323427675,0.44455892327952096
MEX,-1.2815202871274365,-1.39184469670181,-0.045039191451463456,0.0037811661289531315,0.3417790097255275,0.3398457049968716,0.3415128758284599,0.011095817174613548,0.005264113584928722,-0.7921326812489315
MHL,1.1569256747873469,4.182775298253314,-2.1596228344599218,-2.6394594385801313,0.5008700694951944,-0.27740893170008146,0.7976023031502292,1.526175432279697,-1.025601572826236,0.2376479010154111
MIC,-0.42550896498657725,-3.2805220312304324,-0.35884431292811436,-0.751936511087557,0.3591671668159747,0.28901298655600227,-0.0516690013045115,0.088340504373726,0.393634541261935,0.6324512458812181
MKD,-0.8242806587792758,1.2659172794603006,1.2287728743461588,-0.1423825166709806,0.5805526318634592,-0.8404559252314282,0.30254349659108964,-0.501090410540004,1.1663828113729626,0.8900305490798703
MLI,3.525955075794,-0.5354307739919753,0.09789920755274845,-0.31960413045917097,-0.5355860950261624,0.9189285009827795,-0.574484468843848,0.09366148227485321,-1.016663659789426,-0.6199100714560717
MLT,-3.8718780863319933,3.2895238765185493,1.554030015503091,0.2583848664416098,-0.3180030694101582,1.3048189830622208,0.35570340504268483,0.0658117827335751,-0.900719228247846,0.24520445525270276
MMR,1.7640063485596633,-1.8256994974138288,1.2329782998797885,-0.7199410852023723,0.1902643804326628,0.6050064767941102,1.5456529352705892,-0.47715148282869324,-0.3994015339034053,-0.36645393968281187
MNA,0.2322834602311341,-1.694385995151998,-0.31837878430255595,0.26535291057091903,-0.023411594010571583,-0.4534965414997233,-0.23647493345050657,-0.7261466015713729,-0.08173569068989052,0.291015877546025
MNE,-0.8908349803316064,2.924847342316947,-0.39591068633537096,1.3280644476888557,-0.019634332855880125,-1.0516769785993068,-0.3782810275094388,-1.3406913374471396,-0.12053226283778405,0.12392815124403668
MNG,-0.4596448975349379,0.5134816913206244,1.0843001072711602,-0.09668425511336823,-0.06693074085630575,0.05108093248608034,0.08891920280797172,0.2781350281808006,1.061524417739748,-0.5144267592681281
MNP,0.7582275352526968,2.0066211291969145,-0.28459617904332773,0.1552749402851243,0.030664616409470203,0.4284787654141536,-1.697387424125508,0.9767842778073184,0.4876363247880445,-0.22124557644188575
MOZ,3.6181510708119706,1.769350695332154,0.1746043378030788,-1.145610205556968,-0.21966493504991402,0.6813707264166049,1.5915339530657973,-0.22226043140436796,-0.6047282705161648,-0.8937458635153537
MRT,1.3406766120028093,-0.37389213871488297,1.5273219490652508,0.28453154035867617,-0.7299502123104805,-0.8434880104060022,-1.2802458772740026,0.15134730381030037,-0.7488069373601988,0.5467955554715368
MUS,0.8429032678856836,1.6087491247203674,0.5089091255846805,0.3145442176207062,-0.8713671957295313,-0.20525991655158465,1.0103970558108297,-0.5352387493673246,0.752009744381021,-0.29951439899951243
MWI,3.2735438732301025,0.6121560341727696,0.7644733039740133,0.3417777416837783,-1.0324633615279175,0.2587814968145763,1.3061998559030996,-0.3852899167656731,0.13947200971554724,0.1674450889294226
MYS,-1.6829632428082957,-1.223260076935606,1.6337793141570933,-0.24322808073436575,0.3143357647996619,0.22104759328414608,0.6488499078913951,-0.06034476433339472,0.2675629222625607,-0.3915954354608362
NAC,-1.5109508276562769,-0.4057389898974343,-3.667683675610551,-1.249819538667103,1.3976977728845852,1.2378326566098283,-0.5523989045230705,0.4819733872571016,-0.33479101906064945,-0.6573574104880958
NAM,2.270155383004652,2.1965763862482324,-0.7563770008270296,-1.5938032741961803,1.840415444394402,-2.1068396290129714,0.6820090246632862,-0.5143509334703351,-1.262042770512967,-0.1541950505239717
NCL,0.8302660308889519,0.24314183191987626,0.37958919246491146,0.14230063126661446,1.0042769212685934,-0.04280773193022511,-1.2880870273806904,0.45939095435192934,0.6356916592058492,-0.39291713609150575
NER,4.2200484872098825,-0.9765912992095638,-0.4623022451332222,-0.5039733850103836,-0.9569984961778621,1.754245665530927,-0.32675450644935033,-0.22525242933192888,-1.6517196463583035,-0.08987288660316219
NGA,2.6161245435901135,-2.016368037653415,1.2192425152859045,0.831231909497462,0.5454602497101063,1.3168519474772784,-0.7964893487722946,-0.012938520389478503,-1.2117649817616365,-0.7042468965373787
NIC,-0.23903823262465107,-0.005457625490641114,0.22348027892669425,-0.028992222540482563,-0.44429672102378814,0.07804665154580492,0.48057082810151625,-0.298855495244876,-0.9741033437608156,0.18151059208435838
NLD,-3.9618751139373325,1.1758485290404566,0.14544622666399434,-0.23326185915045333,-0.04914588759979612,0.7860357592153856,0.1435954741730207,0.452492495268672,-0.8094542592873313,0.32093892353615905
NOR,-4.163393897199171,-0.05493242313797526,-0.7663352147570573,-0.31019456232497994,-1.7200170699554476,-1.489350627950625,0.02479404090570079,1.2884690672765258,-0.47926875970953403,-0.3096574187002145
NPL,1.5040476023835292,-0.9874668885737125,-0.08382973886064067,-0.967037265967178,-1.8606360656479506,-0.9212130784387998,-1.22532409105981,0.9785578315978517,0.6401685108221569,3.1744673629786275
NRU,-0.08933376248892556,3.656211434455358,-0.6747357994433492,-1.2459069619951282,1.0579425398040974,0.7488674826733351,-0.5023517057972817,1.175634833621839,0.3588843839729948,-0.15005442756190004
NZL,-2.5974447486933916,0.811579400692188,-1.827026401665447,0.8138320851518239,-1.0268378846571204,-0.33713323902141246,0.014519652851875297,-0.021085141737667918,-0.41411624913992456,-0.919125908714911
OED,-1.5155429811333834,-0.9409906169092636,-2.408421493542097,-1.2651685155805128,1.3626762524008633,1.0869590658078148,-0.4247690769273036,0.4995360777812726,-0.29135784722551594,-0.14345434768905901
OMN,-1.5897050161053403,-0.9466584990981873,0.9328544091611282,-0.22775075218024152,-0.5810649382850386,-0.7693273738238732,-0.3298240278195818,0.8562515819799961,-0.8542072837449411,-1.2890279140043919
OSS,-0.5187638946981701,0.8749423485271727,0.5513534648053108,-0.7503636024463677,0.5699298574205637,0.5909087516175903,-0.103137187963488,-0.10773070088831548,-0.30666338944516935,0.9217917481280894
PAK,2.991441046208024,-1.8455642616332784,-0.6460763350707087,0.6978692326326921,0.3647700341843163,1.4456265645081716,-0.6489307117984091,-0.641264863172436,0.3498355911637577,0.1502000015132576
PAN,-1.255161059310759,0.3355009823512659,-0.12496782381782469,0.31282667806887327,-0.7653829320790716,-0.7422571971148951,-1.0545962316982982,0.09761997079859408,-0.8151597658576999,0.22675323392167168
PER,-0.823809386438463,-1.02577995685109,-0.5304938357490131,0.5388671635536976,-0.48362516026637625,-0.3631333521074909,-0.3892043723445759,-0.08066080086469321,-0.7146845717074435,-0.6743094240791906
PHL,1.511191889357908,-1.5884873561033288,0.03315685784891437,-1.268547218527846,0.0760600846946512,1.104440304509651,0.40862295404218746,0.509130738683006,1.6536642511536892,0.14684768488196245
PLW,1.2041764902043106,3.8339313609786636,-1.8104660734500584,0.19725919636588202,1.112552018760539,1.2548494331872957,-0.7176512181892427,-0.4178228470714036,0.5418377076212467,-1.446508746169759
PNG,3.080394122996656,-0.44165294739009625,1.7636309391180007,0.48833896454673287,-1.3790410580032195,1.0359744947835543,-0.5988238863421391,-0.45775251980238646,0.5067317691784423,-0.17009894969716116
POL,-1.6963464022640118,-0.7251337793701664,-0.15168229410446674,-0.2553930188074814,0.2809961024871529,1.0898962352694281,0.7541552168969715,-0.1718421217917983,1.1019907700094853,0.0621397489038754
PRE,0.6571462635109883,-1.9716524435282308,-0.06264041478372337,0.20246647522643313,-0.8820435854849297,0.08600021610959621,-0.24537396549252186,-0.37769650718492864,-0.051449890444506576,0.5114833985756864
PRI,-2.9019729668595082,-2.984246691346989,1.2055680831029196,-0.28180345692139597,1.8951367560129326,-0.7576694968669894,1.6173941785572177,-0.4919635404236865,-1.0248729804115986,-1.6245183678929944
PRK,-0.565169603748403,-0.855925358548134,-0.6353699561373805,0.644617349619261,-1.0749401033621018,0.5258520703014528,-0.39399763545879035,0.05699972732136653,0.7305472651719267,-0.052144765770623956
PRT,-3.0764915853093697,0.5190042445601246,-1.4336401173279174,0.44958015158053527,-0.2587058161855514,0.33773416052797156,0.5056538428237325,-0.881335371791762,0.6997440594775027,0.17181781853851136
PRY,-0.7043181768515622,-0.76051345547058,-0.023435790466432124,0.341561922648627,0.15905692064631902,-0.34053445926821035,0.5862458285647456,-0.6867726133238113,0.2318866899885341,-1.0543099958389988
PSE,0.382375512568272,1.5684315646809057,-1.3639401335380232,-0.014798330107112111,2.2271406507860756,-2.0997210337975085,-0.6828804494185186,-1.0399883819881133,-0.09508950631316992,1.3579079328456571
PSS,2.048287280303187,0.8232902516389389,-0.19646228235222543,-0.01227737062265666,-0.47298385913027774,1.54224551675165,-0.12372394186550582,-0.4011359282278993,-0.11995999034397299,0.029972510092058393
PST,-1.586077827895878,-0.8226061266850718,-2.4797628150321986,-1.3084153836838377,1.3432875624758163,1.1874124937266026,-0.4557619418049742,0.5581918589573154,-0.30569788437715484,-0.1785061304762348
PYF,0.9342917258543123,1.3353736482320837,-0.9280743919619115,0.6942587960464602,0.2508355936768319,0.027194751252713353,-1.4334927448762076,0.023657625709658008,0.5184255170536309,0.34366018753466443
QAT,-3.180691774342398,-1.7513665597221986,2.4747449365677148,0.1408450759322572,-2.2530082281211015,-1.7008784804774286,-0.8508985924832775,2.264605852211079,-0.011446315328986515,-1.5417098125459465
ROU,-0.8784460312880666,-0.25499606674233893,-0.0747620969794355,0.5777859737623282,-0.2274121320151558,0.33103464599279087,0.4418117712108933,-0.5724439420368694,1.1352955246018046,-0.3075034183341081
RUS,-1.8713037502036498,-1.4444179658882814,-0.8815404993651359,0.23079489902433337,-0.5565884362362771,-0.18400242626855678,-0.1441054418328293,0.28077298868390155,0.9442612585861085,-0.612768830743577
RWA,2.6621206350358015,0.6275036092503266,-0.5151286376710329,0.2561238169705308,-0.27349651856764295,-0.8945340945745072,0.5701471460411349,-1.403739335037421,-0.6273348153684746,0.7901913897109437
SAS,0.5845363325931341,-2.5887973017061863,-0.1435840737518381,0.12326491930815536,-0.7451882331206787,0.37040879074669186,-0.32665694978007764,-0.39827678590908255,0.3867825839299096,1.0925535289928892
SAU,-2.3894825075397352,-1.943502027633097,-0.320754318767604,-0.21330699792336918,-0.27878942710193494,-1.0115858833603157,-0.3588870544193465,0.6643317259842854,0.15377111525767928,-0.7148325617005302
SDN,4.199071483350671,-1.0553499840710965,-1.9312945813959097,6.638279248969058,2.698498978566491,-0.14636994033450695,3.2996307633768827,3.6645331037937043,-0.6960721350153235,1.8262900779555966
SEN,1.5820808847309822,-0.32333088838676277,0.27672073129178115,-0.6151810446007806,-1.1882437367179302,-0.13140425845014178,0.768041956696689,0.2913388943581793,-0.7274080621508963,0.02264707410123219
SGP,-4.857147897379137,1.191937567922891,5.061876566646622,-0.4956679627559696,0.8299595725684252,1.8265196383607687,0.17867815801842687,0.7073211998275868,-0.57170435860645,1.3763200455284452
SLB,3.3695865840309107,1.7058257415952425,-0.2481528298648457,-1.7877213907649414,-1.6958428698335186,-0.02840252354163455,1.9499279573716386,0.953502537264316,1.6054120671864662,-0.18561446643213697
SLE,3.615561587318497,0.6702230420071139,-0.8732775223836787,0.16027755326961737,-0.2964011668664408,0.5732006796342981,0.7666314663129018,0.27314041523017013,-1.1170058729312604,-1.1429332684250821
SLV,-0.9322229709626952,0.2889723441336193,-0.43136271292611844,0.5498161674998928,-0.7017391898406037,0.2151546732818437,0.3195442671855737,-0.49068733454812136,-0.8312126493932783,-0.6613652646813217
SMR,-3.7918396783176584,1.400932707388494,5.408099981075217,-1.7967654697100375,2.9568925943604465,1.2955123589832733,1.5351401408906644,0.500408271316065,1.0881828709737125,-0.1524400395201359
SOM,5.227090855387088,-0.12166151961249318,2.089773106386555,0.33958958441109294,1.8233421176695195,-0.473032802990886,-1.6388054950893556,-0.8814487505431713,-0.055645710181088895,-0.36579947342750974
SRB,-0.8938537826978948,0.5356479229623061,0.13730364414292057,-0.04229856686088121,0.3959321233273096,0.23503095792616396,0.6610797060768904,-0.5980017602315942,1.1975092687489637,0.10217438392047618
SSA,0.4185874853095163,-1.65606872687657,-0.3501909633358683,0.3616242990611431,-0.5724765870768816,0.06590626626680708,-0.08260178262485664,-0.7464223825093472,-0.11738329717262058,0.5426741382681659
SSD,3.2530207042670214,0.20991857708275058,0.36568578259583145,-0.9149810711296867,1.8337241623685057,-0.03010334180562328,0.42987591546381004,0.2239933461341392,-0.6871896775250659,-0.025281965945932454
SSF,0.5969949972476956,-1.5329473734726964,-0.5406595695652374,0.5164396662854188,-0.48834926925472705,0.26125640321274396,0.001013495084142727,-1.008818139437357,-0.1558525015474576,0.4060372989282322
SST,-0.4990917596930525,0.6731697027416592,0.6377287891181371,-0.5292467532745994,0.33309882066989643,0.5349730028495928,0.05476253748737159,-0.29332625080884833,-0.3402485419268399,0.6976257665154926
STP,0.9934582900692478,2.9953667536133373,-0.269096038929469,0.6627135960218071,-0.8967645000491364,-0.35444107692027205,-0.3352446397374564,0.3369137360161775,-0.3781728004066152,0.557764886852248
SUR,0.028126888126144937,0.14803973056379127,1.3625435284026366,1.4082686448061013,0.580730025860824,-1.246285800867749,2.1587304386391377,0.08317444302000926,-0.41760762536535184,-1.3047828823504424
SVK,-2.2916868441219123,0.7099941867690542,1.166991944403072,-0.07626547622841401,0.5227701651425941,0.7958565369121544,1.238948144194189,-0.8978446665433983,0.08293410834286356,0.48474133397424923
SVN,-3.14078354410743,0.5807251640985305,1.014245361999062,-0.10196689575631944,-0.4779836330858528,-0.0079753924416705,1.6925304294949177,-0.5790122817072033,-0.7756027017581614,0.17369711178622238
SWE,-3.800141302979846,0.7717306024735997,-1.125045157593268,-0.5127750632356499,-0.26178423170995485,-1.0885533481395444,0.6033739130366924,0.4789893340874812,-0.49109004245917326,0.16441616984216276
SWZ,3.4989582728680597,0.24168348430338848,1.0711406280967195,-1.5690232387165253,4.101821702205853,-3.6274573204702816,0.6290194010774887,-1.453492919078365,1.0026498762421876,0.7352118296832741
SXM,0.26160880823726174,2.5113190223643813,-0.010872101220475203,0.33637775760324884,0.016270103113610483,0.793568725895162,-2.1913105700768387,1.1801412600560846,0.34358340679544797,-0.20560973859290202
SYC,-1.2125652016377415,3.9603734275057225,0.9966025424871333,1.8704603945771066,-0.3027630323417757,0.5861504591484576,0.8903958287801992,-2.137316820717804,0.8380196561019302,-0.7971559101739647
SYR,1.5147253972128873,0.22697710980802688,-0.5862237726848311,0.8632484223726284,-0.2684085541457029,-0.9586191097072342,-0.5456705669061156,-0.9097994276637128,0.25655343808602615,0.8665378182681193
TCA,0.2951755435210281,2.444535715266642,0.29217320851396794,0.5030771151360454,-0.22116453442688744,0.5927520779949478,-2.1772587352833623,1.123646072537312,1.041783988427352,-0.0003979947586550537
TCD,4.028458484300638,-1.1300466178389772,0.4140404209158556,-0.05685045674355626,-0.9306211215600173,0.9634637316499063,-0.026566818209209454,-0.21321165898229075,-0.8074735618231486,-1.0244590935430449
TEA,-0.8343093786662594,-3.9921001008025527,0.19008919779907327,-0.972861113439178,0.23337265368642873,0.2182897692454303,-0.14981088647474108,0.6195575066024216,0.6800611063346839,0.36203792651516703
TEC,-0.6044670428642249,-1.7249415616027415,-0.3952492123476077,-0.37969023833284565,0.4103884559444906,0.40752141358115657,-0.35348284219093934,0.2195740501539125,-0.09722959195433717,0.1967833053328099
TGO,2.7521144281658008,-0.3414209555665962,-0.06570984768297314,-0.6006606604437065,-0.7736806091557901,0.914667939675936,0.32761100879039445,0.13024738048866194,-0.19485328240550978,-0.26344920878769046
THA,-0.8930916981448869,-1.9066108680804483,1.6515024165947065,-0.2502387086504214,-0.26888283778804056,0.8582176073381452,1.0399683703291478,-0.3696639783992801,-0.2410973965943743,0.06210277724822828
TJK,0.7896215622485586,-1.101756204840759,0.1675057290890634,-0.9565569708447383,-0.6702487725626024,-1.6420167999060091,0.699879222473528,-0.034907159411122865,-0.11834553598445557,1.319807742857759
TKM,1.234638122429732,-1.5817946461755685,-0.1607505476368351,-0.05310949595751101,-0.1304694613055968,-0.0064041945466162585,-0.16797776402795586,0.12917922020227257,0.06937831415780159,-1.3763746630996738
TLA,-0.6321589161445637,-1.559927280569602,-1.146995089468244,-0.23088306576897413,1.1744625128905861,0.24469076146667393,-0.36074044490588814,-0.2872827081921428,-0.308742169704096,-0.5676544349776748
TLS,1.8968693223236157,0.7514749109204226,0.5385366007657881,-0.46603616004662374,-1.4909357412712119,-0.13984368870273958,0.5815320314541805,0.09797932463972035,-1.2806411361955605,-1.3260558563680098
TMN,0.24431081381153935,-1.736672361945406,-0.27857170118037244,0.32507729116865053,-0.025355998076762653,-0.4272972851073637,-0.26007972435409377,-0.7301726963810188,-0.05742223219844083,0.2791109548452692
TON,1.6926260675951816,2.145854181139563,0.3000292260625777,-0.2256990743543396,-2.6427156863215213,-0.23543852894824818,1.2058775041087701,0.359225693103902,1.2631295849643331,0.1883239489129296
TSA,0.5845363325931342,-2.5887973017061854,-0.143584073751838,0.12326491930815632,-0.7451882331206777,0.37040879074669264,-0.3266569497800773,-0.39827678590908394,0.38678258392990905,1.0925535289928883
TSS,0.5969949972476957,-1.5329473734726966,-0.5406595695652373,0.516439666285419,-0.4883492692547276,0.26125640321274385,0.0010134950841424835,-1.008818139437357,-0.1558525015474575,0.4060372989282325
TTO,-0.38321382013524313,-0.01788729345506763,0.767980881822529,0.16021744076576871,-0.26753713793039097,-0.1306670691700474,0.9605340114974283,-0.4348377703233442,1.1648643208284628,-1.6986810931080492
TUN,-0.2483180987768983,0.9359316344169495,-0.748364516758042,0.07824883941281773,1.3566634064024727,-1.0498998917003508,0.2627259697612833,-1.2479579987008083,-1.0203949076913548,0.6681507252519429
TUR,-0.8634775513997353,-1.635776016638322,0.07726665520779805,1.0798760283652264,1.0938222631075676,-0.6731060065346067,0.2868292337349196,0.824107355459277,0.7180990168736133,0.6239918316200962
TUV,0.42361390557943496,4.419362626926268,-3.6894925423757203,-3.847734159298378,0.5054200489562776,-0.6969944783279811,2.0043650521445535,1.6431269743261814,-0.8954136071649301,0.48450501061825707
TZA,2.0550987011684367,-1.7072426943686194,0.39355574496322054,-0.15701470630966358,-1.9709715507463734,-0.10158307062760506,-0.5982823214235571,0.6026706690986599,-0.23876332653864082,0.45282320302404394
UGA,2.6922152081889807,-1.5744201002071176,0.1044037035759583,-0.03020695610047867,-0.9448821562732895,0.5284169078810417,0.42706159864450716,-0.5496085444320455,0.20615202598935584,-0.14497024632567576
UKR,-0.21245986505387301,0.5024619536898374,-1.3326639808501168,-0.05839993453216302,0.8137737354550344,0.3833819118533252,-0.08341004257699804,-0.379434731855566,0.8797342003224307,0.3585798790318645
UMC,-0.8286634593806802,-3.278502054012359,-0.3822877043107387,-0.908467766530798,0.6556708705660383,0.09021419898872442,-0.24656557740668342,0.45730510787548884,0.37920401627592804,0.28701524230467845
URY,-2.0160201618191897,1.0621803971466197,-1.6569705701591713,1.0452453410055544,-0.03138678559202395,-0.47641532495634087,-0.2643784933430723,-0.3573244631180305,0.564993555942301,-0.8984108496530853
USA,-2.814192240238651,0.017131044622608744,-3.895512662149618,-0.5184568901194306,0.6231155540241962,0.6120888994154642,0.054452439677786305,-0.005118680628759673,-0.2369574097882903,-0.7471105558408639
UZB,0.15852157159333372,-1.021146847082487,-0.03600294853266526,-0.40471754415739647,-0.6349985597038654,-0.5711720763305023,1.3699751615192857,0.11355535163773284,0.7518701769647397,-0.17012231684958068
VCT,1.1176495411676597,3.186195962937313,0.08834131027370788,0.5210706553425126,-0.6332719629477555,-2.5700344609489316,-0.31393471853368937,-0.622293845179592,0.4427814389230846,0.698818508075676
VEN,0.4669605007728205,-1.226610366980711,0.3929218819974657,1.053712964052644,0.37872294668289025,0.8464282977930395,-1.996288458528268,0.2351731902501609,0.8046452726132742,-0.8886187005904439
VGB,-0.44754335701642406,2.317403468554967,0.8021284555137127,0.19653070432908473,-0.13335996482492865,-0.020931137930017298,0.3074023770513337,-0.36903756111312974,1.358697753463591,-0.5476190107395711
VIR,0.37373981660329497,2.1712885636740795,1.3417745505620509,-0.18541623125368387,2.237039338592322,0.5865426786214842,-1.3382732155151729,0.5017629269514927,-0.2511340824709912,-0.39807799635845487
VNM,-0.4076965977441581,-1.6011324637923974,2.914525338081591,-0.9911777460386437,-0.009193428151301732,0.9664422085344081,1.4102625031696427,-0.1388785222733033,-0.11610824900698283,0.5286684472711186
VUT,2.510136384425333,2.1835336160442145,-0.029982719350152752,-1.0282660242030521,-2.766028398860626,-0.784537632134218,0.7682397192726447,1.2819593552535515,1.438044821061971,1.2450174874464712
WLD,-0.8021098815601605,-2.0714131979999126,-1.4916466373621673,-0.9521140630059892,0.8634791373355851,0.956021290224032,-0.02792554470043526,-0.10384386641062054,-0.002004292592234014,0.40645022205291353
WSM,2.0365971513286687,2.03637758886432,0.12333371302873998,-0.3788032097338449,-2.3443037685856356,-0.46533601661214324,0.9004083507503086,0.20235744242766596,1.200685018228324,0.869321909420103
XKX,0.5382096185963268,0.04943405698696015,0.9023053816212762,-0.1934060773494287,0.14679909896214052,-0.11618253006656921,-0.3570821841430651,0.018030735149569516,0.9599194464671246,0.31333225620455424
YEM,1.6425418073859739,-0.5356643939052157,0.03919725012733575,-0.5937313643273605,1.607426973982835,-0.8956974781244347,-0.5886704484488875,-0.5409603994412991,-0.02301831050264453,0.8700225020271359
ZAF,1.639913603877873,0.6102519377361605,-1.3118665073721678,-0.9208201877021853,3.764125968359999,-2.885428094835243,-1.4489194079332854,-1.1093631596009734,0.04785145185603259,1.0587673605150894
ZMB,1.988327100638213,-1.219851627939352,1.2647718477557262,-0.9148909016658723,-0.8641182103739004,-0.7018937898467423,-0.2083271986293776,1.4497445140323189,-0.44853589163095614,0.1795847412220181
ZWE,4.880635605709108,-1.3306595652626783,0.6269043737537876,7.166590569427584,3.5416826746498473,-0.11284562798307202,4.021453886172172,5.106867160781522,0.5126993937325987,0.9915938681428867
