economy,gdp_current_usd,gdp_per_capita,inflation_rate,unemployment_rate,trade_percent_gdp,exports_percent_gdp,imports_percent_gdp,gross_savings_percent_gdp,education_expenditure_percent_gdp,health_expenditure_percent_gdp,population,urban_population_percent,manufacturing_value_added_per_capita,manufacturing_percent_gdp,industry_value_added_percent_gdp,medical_doctors,life_expectancy,infant_mortality_rate,probability_of_dying,air_pollution
ABW,3084805095.2117124,28650.0793884838,,,153.45882466011025,74.91167866283767,78.54714599727261,11.51579036280146,3.61855755636695,,107716.0,44.068599999999996,,,,,,,,
AFE,1110088567770.5615,1514.638857960048,6.994467256927774,8.066600270378569,55.15728502272752,25.53358471075482,28.0299798546774,19.890166501863142,4.029726492149763,5.905217603814448,731831360.6,37.912138230294524,117692715161.04709,10.59398615816186,26.38786613526936,,,,,
AFG,16466350750.557674,409.57558124653747,2.640259869272658,13.018,59.64793642160737,14.998950114598848,44.6489863070085,-2.73776944122657,,18.7403910175,40750097.2,26.6308,1371042967.7209826,8.43811256717667,14.1816117638069,3.17,60.98603789,53.768424808,32.7,5236.072
AFW,806760763085.4119,1625.242035335786,4.654425260102642,3.948651306178212,,,,,3.15074373629509,3.896020126615505,497808038.6,49.116983707836695,101731847424.82907,12.55747643146414,28.808896590588937,,,,,
AGO,76935708496.66544,2147.4219605067838,22.253144186334218,15.218399999999999,67.87906201427215,41.8333335708139,26.045728443458263,32.2542234034848,2.46568496233736,2.94255495,35650869.0,68.06700000000001,5794778567.514092,7.460300075718716,45.55385896768696,2.44,64.25583857,38.27140163,24.7,3998.196
ALB,20603124966.688316,7443.457266741895,3.47236294318002,10.7318,76.27470660936926,33.129102091034824,43.14560451833442,20.7661199083039,3.0379750132560703,6.989711997500001,2777558.6,63.7726,1409683800.348448,6.907922946878618,22.87068087950706,18.79,78.6123883,7.446014204,10.0,3036.703
AND,3484234594.81185,43663.39411802326,,,,,,,2.3900030377652675,7.981898402000001,79648.6,87.8212,123129172.23431626,3.692598812777835,12.269876963810798,50.68,,2.175898501,,
ARB,3344736848308.0757,7067.3298480477215,3.076858441175136,10.242295494206639,82.271672423704,43.180410809510626,37.122899847144495,29.025656701546826,3.76860740670194,5.095450427718642,472081539.4,59.112918040024525,401494187577.5698,11.96665989277018,43.12924075521776,,,,,
ARE,463718601012.9342,45770.24417950008,1.336366334982986,2.911,190.66687070052475,103.764091697624,86.90277900290076,,3.93910503387451,5.0520339,10082379.8,87.53540000000001,45656422457.45405,10.240017439584314,47.03008446932888,29.92,80.01707319,4.331527991,9.3,7.14
ARG,556887326807.7878,12250.997023776898,103.24561910074956,8.2034,29.9260019896622,15.80072351436198,14.1252784753002,16.556619456431783,5.155250108587793,10.126798152500001,45429342.0,92.3458,87220617687.89145,15.57102990142828,23.792691301342522,51.06,71.59453095,8.889419737,10.9,2112.782
ARM,19181289861.44972,6430.342908437826,3.85742278339431,14.719399999999998,104.4848693342979,50.33912220866156,54.14574712563626,19.54960346591996,2.60100245475769,11.47629428,2978160.0,63.597,2112354523.916064,11.16458257423046,25.04187921280664,33.6,68.59850963,7.981468579,30.0,202.029
ASM,780666666.6666666,15914.292694110633,,,138.61773433058767,50.149162576463,88.46857175412457,,,,48322.8,87.2074,,,,,,,,
ATG,1822185925.9259262,19608.7491209796,4.297214016181245,,104.35600607987699,47.85698076594783,56.49902531392886,,2.78072403798006,5.2145081775,92824.6,24.3658,47046296.2962963,2.74742164512344,20.062377777045125,29.17,76.91527032,7.880837753,11.6,0.168
AUS,1611251739977.2039,61327.94738530672,3.8127083762716607,4.608,45.46562392757994,24.62389072079676,20.84173320678314,24.2274349517168,5.262166817982993,10.3063459375,26241329.0,86.49159999999999,88020136334.31357,5.47010945150041,26.38173537649746,40.86,84.89781796,2.875502509,6.6,788.054
AUT,483993187898.7212,53481.712743529504,4.689499428978392,5.471,112.54266323679431,57.19342522500479,55.34923801178936,27.681368280916598,5.4459366798400906,11.198265076,9044951.0,59.269600000000004,78244554470.2812,16.192259385909217,24.977785489750197,55.15,83.30324613,2.402026116,7.4,2175.786
AZE,64614047058.82353,6365.082846835652,6.851993999857116,6.032,80.30255237301529,47.39962219289116,32.90293018012412,30.9854021741777,3.6862574815750127,4.6734344975,10145887.0,57.183400000000006,3579835294.117648,5.635232951017858,47.07481183880556,31.85,72.9129401,14.211105256,15.1,814.348
BDI,2711194429.081678,204.1476687801518,16.336099926088615,0.9772000000000001,28.41107066612325,4.952414050627548,23.4586566154957,11.063775237403208,5.0963634036555305,9.2896373275,13328170.0,14.4254,,,10.403432785998623,0.78,62.04709297,31.460824111,26.2,819.297
BEL,606210185333.6106,51806.29652578652,3.9942108387052024,5.675800000000001,170.7370833761292,85.49247283294088,85.24461054318854,25.12397581125778,6.47126340866089,10.9584202775,11693855.2,98.1524,68721708676.45308,11.36902748519544,18.542119264813643,65.25,79.28523112,2.695558167,9.2,324.733
BEN,18391141045.637657,1332.966198727414,2.00133422797562,1.669,44.51452403104586,20.0900565319561,24.42446749908978,25.790989034950524,3.0807295471041427,2.6206537475,13763369.0,49.538,1814704657.558658,9.845537637073262,16.892360299884338,2.16,61.71936134,41.429104263,20.8,1413.261
BFA,19963515652.31318,885.3803640014355,3.242928498962943,5.2286,63.25093579202583,30.733681005577,32.51725478644882,16.975517075593675,5.270690545109055,6.2811186325,22511505.6,31.881999999999998,2052796642.8576062,10.291375130950323,29.1292293349923,1.48,62.29728841,44.803785879,21.3,1071.616
BGD,427583507399.394,2518.52394133947,7.856586948219818,4.898,29.107293420047277,11.52122905386406,17.58606436618322,35.29474381782056,2.11851239262263,2.321040215,169674225.8,39.70739999999999,92370065574.41225,21.56676072107338,33.76783743092166,7.22,73.10251672,26.003526196,16.3,6324.834
BGR,92016561047.1991,14207.622037679539,6.436961015787171,4.6166,119.855708741023,61.182859902743836,58.67284883827914,20.149981297057757,4.564433415730793,7.9643096925000005,6482811.2,76.36240000000001,,,22.602285353783863,43.28,71.30586,4.5622918,25.6,97.52
BHR,43413000000.0,28259.90419293938,0.33919430052542876,1.3808,153.46234933321773,85.01029096233732,68.45205837088062,34.2810460754826,1.87722035661242,4.2522783275,1533398.2,89.7478,8469029255.319147,19.9101818710842,43.28607389968305,7.41,75.09466059,6.931431855,14.8,87.497
BHS,13480220000.0,33838.19936072958,2.40218366838027,9.8874,70.22563867129152,32.799781511722685,37.42585715956882,14.453552093338763,3.031753866187475,6.920926335,398099.4,83.4982,162200000.0,1.2825282882611986,10.574827975201156,18.95,70.43274063,11.365536785,20.4,0.092
BIH,24873833606.826942,7740.329107710417,4.549843109079684,12.9626,97.67899742060432,42.362924444704774,55.31607297589958,21.354541543366718,3.3428872514667747,9.22503829,3219676.8,49.8526,3268310380.4112177,13.173928720726181,23.79985246899112,25.84,77.19796586,4.896030499,21.7,192.126
BLR,70652245248.71082,7648.124890705323,8.200804176014056,3.6689999999999996,127.695031117503,65.19714254383288,62.497888573669954,26.687643279219678,4.762189984321595,6.373027205,9244523.6,80.315,15647009443.816502,22.14205528806972,31.78563441253114,47.17,73.12324771,1.664756735,23.8,27.029
BLZ,2778546665.782158,6861.587550952386,3.4626728931730875,9.027199999999999,99.0497913373953,48.5045735701551,50.54521776724042,21.55450171957225,4.926872542608036,4.872220395,403413.8,46.413599999999995,168587500.0,6.518560097086848,15.763103091121225,10.86,71.36484263,9.675644416,15.4,10.353
BMU,7922244800.0,122578.9931658,,,73.98165299348922,50.375093614854464,23.60655937863474,41.96444037649835,1.833734757306585,,64622.6,100.0,26213500.0,0.34246508882786897,5.224296257525275,,,,,
BOL,43169586625.1809,3563.241325867486,2.2202216584719947,4.5318,57.18469923160136,26.560432591497126,30.6242666401042,13.0767453205031,8.07266269241639,7.8754172325,12097657.4,70.8318,4367954797.39508,10.53888546581085,25.0710319633785,12.84,62.87421268,20.037693808,19.9,2846.515
BRA,1893844483762.386,8997.193583870398,5.95091215656292,10.333400000000001,35.59438507086626,18.23555033366334,17.35883473720296,15.448431797370239,5.629236698150634,9.504249094999999,210331370.6,87.5498,234427077170.27042,12.26104329061888,21.58428916717562,23.57,69.04410946,12.461936302,12.0,2282.33
BRB,6117324640.0,21675.54855394128,4.664920801454141,8.5964,,,,,3.9669243484721664,6.906762005,282193.2,31.3468,325441550.0,5.546495095117935,13.66790520415995,29.58,78.40878662,9.300465991,12.6,12.807
BRN,14650410358.90096,32156.5271862397,1.4648748606240767,5.5664,134.8949469807116,74.98317321470732,59.91177376600408,48.882263364959236,,2.1609083125,455233.0,78.8492,1477525589.4956112,9.90920411122503,62.64397056921814,18.86,76.92260844,7.64916402,13.0,4.424
BTN,2785972230.81174,3578.254658386635,5.121201248231514,4.3524,79.13713642109605,27.77288809243755,51.36424832865845,21.758887330998377,6.345828424464935,3.7294977300000003,780854.2,43.672000000000004,204254550.34688675,7.2315710883599875,31.19805133529445,5.53,75.9397559,16.757784017,14.7,197.164
BWA,18568725258.610058,7596.298065781489,5.736574222625868,22.8514,77.56255236728958,35.00867638061228,42.55387598667734,32.3800935574235,8.05833660991541,6.0698014525,2441722.0,72.20360000000001,1017805130.2992744,5.488620714319918,32.12400330864632,3.79,59.22470805,34.057250457,17.6,99.728
CAF,2506574906.837536,486.9302721954467,3.2018325311739084,6.0606,46.0435006884556,14.1196480076479,31.92385268080768,,1.9905619842094275,8.9636878975,5143975.6,43.142,444791787.623521,18.183650859204025,20.34147495034618,0.74,49.57149039,60.413259203,35.5,438.933
CAN,2056613491918.482,52236.84955434732,3.4351158803390414,6.865600000000001,64.50651891279117,32.08062552876094,32.4258933840302,22.08994644779138,4.83892329533895,11.792081642,39315303.8,81.7618,168214890615.254,9.135009815171955,23.8916824186298,28.19,81.58276248,4.088473209,7.7,4663.432
CEB,2058697852394.4038,20525.45720969116,6.46417606558615,4.137582232704286,123.864625756799,62.262192297771776,60.65063414702318,21.74146706813184,4.54185167948405,7.096151987470525,100343858.2,62.85561925048262,331878595291.3512,16.19152530146498,26.91424114845476,,,,,
CHE,843361336728.892,95651.74868941298,1.1777417043101621,4.421,131.9436177907258,71.36933227554275,60.57428551518308,32.64720359081688,5.079346656799316,11.78527999,8808399.2,74.1064,152781888449.68417,18.12804964264608,24.88048818857684,44.77,85.11479877,3.782055256,7.5,306.874
CHI,11103260334.194668,66478.64052198647,,6.4656,,,,,,,167201.6,31.093600000000002,93464080.05453525,0.841597430573078,8.280519582981233,,,,,
CHL,307275894696.1708,15700.8380948881,6.218649474299112,9.3066,64.56929371295907,32.69283940625832,31.876454306700758,18.911428818675198,5.175566673278807,9.766258429999999,19560720.0,87.9168,27922912176.25462,9.083821441395298,30.12230726318474,33.34,79.02404788,5.70803058,7.6,132.209
CHN,17705807546665.94,12547.96631175596,1.165395670969084,4.7542,36.26079486938728,19.430588887340058,16.83020598204722,43.8751466433213,4.00127983093262,5.4242419,1411064000.0,63.5228,4585985500285.107,25.9012870212327,37.2293447480739,31.12,80.52324523,4.222509293,20.1,679199.936
CIV,74580356905.20395,2446.730014641456,3.9293231848819383,2.4156,49.31868769877754,23.881279199885842,25.43740849889172,18.544763278229777,3.513017535209655,3.5542342075,30410014.2,52.668000000000006,9634618336.17789,12.88803743471654,22.1754535573148,1.66,63.5174083,52.325614842,23.9,1680.244
CMR,46147712052.82514,1666.4073622369601,4.574114019253166,3.7253999999999996,36.97203443720572,16.48355347777644,20.48848095942926,14.565928898741774,2.862952261292135,4.1714625949999995,27651103.6,58.729600000000005,6213937060.553032,13.446902247538521,25.16440061993574,1.36,63.72440802,41.249901262,23.4,3757.033
COD,61520620943.56162,597.7997882090897,,4.837400000000001,84.12175971163785,40.988989135530865,43.13277057610692,26.649792014557722,2.7092627462578798,3.737155795,102520378.8,46.8418,11006986523.182938,17.94153036669136,45.45150993765492,2.08,63.9117742,44.471651143,25.1,5171.143
COG,14630489885.31782,2418.1629337276636,2.78952790348606,20.7716,88.48253657883082,53.408666578553905,35.0738700002769,33.97451137255065,3.4005846956408723,3.012776435,6039184.8,68.73479999999999,1474092994.84271,12.8531970155196,42.28724141827246,1.73,63.7945013,30.432772177,21.2,283.216
COL,343867869535.2826,6631.515689151262,6.908782872321893,11.926,39.934839625823045,16.7824294249179,23.15241020090512,13.40850083914878,5.26166009902954,8.155378914,51752725.8,82.0442,37059082564.45608,10.80898790921936,24.37663591964316,25.35,77.62156214,12.060620088,9.1,6444.066
COM,1356061722.457842,1623.019133635198,,4.0664,43.24867688676848,9.760434223526186,33.4882426632423,11.504717590225544,2.3565044687986427,6.474235895,834308.0,29.881400000000003,,,9.238486302006942,4.24,68.72786745,35.653873908,19.9,45.846
CPV,2285442804.5842104,4393.625739244158,3.034284645049966,12.9522,88.50347013947612,33.60161846707278,54.90185167240336,18.129535078532122,5.58061273717524,6.273830415,519655.4,67.5386,113109175.50748523,4.976205895663888,11.905324449001121,7.3,73.16097765,11.013621042,17.2,2.489
CRI,75689665427.70615,14877.44976285518,2.167700887839343,11.813799999999999,71.39041478755182,37.58709537701458,33.80331941053728,14.48216552517018,6.438699960708615,7.4604233475,5082301.6,82.0054,10158592576.986065,13.43741358151288,20.357251596067577,26.87,81.50602905,9.175243206,8.6,178.536
CSS,72847555942.98029,16174.22482753648,2.8997012268087357,8.60776382051832,,,,,3.2366149425506574,6.337082699316397,4498948.6,48.68225912331164,6070196439.749272,8.992164322748746,30.889660818784,,,,,
CUB,107351800000.0,9605.26125067263,,1.8850000000000002,74.4256381904717,31.76773903180731,42.657899158664485,,9.783847991251747,12.2863855375,11071611.2,77.4134,12020100000.0,11.445047160330024,24.418194412809274,95.42,71.12595537,6.588574695,13.9,127.882
CUW,2907630533.5461597,18974.89638342465,,,,,,,6.024720787325616,,153802.4,89.0362,77063044.69273743,2.6537346874146275,11.574561278767149,,,,,
CYM,6363914265.657063,89682.22481050307,,,105.472789465325,59.6335983892308,45.8391910760943,,1.4567825198173525,,71575.6,100.0,58617874.47149786,0.958984140494783,8.233335073868487,,,,,
CYP,31416651095.06056,34296.6171875,3.1089441854947752,6.7548,185.6392770926034,93.97521672922318,91.66406036338014,12.31773329027256,5.127649943033854,8.54305768,1330836.8,66.9314,1455037039.687874,4.688816685935306,11.086749914044919,35.56,81.912741,3.069131399,5.8,336.654
CZE,306431369504.0178,28549.85148287836,7.039575501682487,2.5324,135.0084772696886,69.78755010480725,65.22092716488127,28.07418681242052,4.526529947916667,8.712359716,10724390.8,74.3884,61148256843.145386,19.97699837571188,29.61249270672734,43.52,80.27144322,1.817624728,18.7,493.273
DEU,4327533916027.8345,51814.43232291016,3.6574107597274947,3.4137999999999997,81.07155610008967,42.621980365951245,38.44957573413844,27.8457939906768,5.374169985453286,12.342410278,83513561.4,77.661,793827649416.3014,18.356104106678877,25.900072012910698,45.34,80.49140555,2.852591608,14.7,1435.175
DJI,3620660251.630366,3179.609688980432,2.34215122316465,26.743399999999998,277.0192645317512,145.9853964691118,131.03386806263958,10.578083030845642,,2.5280355225,1137039.6,78.3886,170090359.46793002,4.851638563471262,14.95638694627032,2.11,66.72945196,40.145461647,19.3,43.878
DMA,612622222.222222,9169.210873709178,2.8021187040846725,,,,,,5.30725872952883,5.9829655875,66863.2,71.7006,23945925.925925903,3.8642314697840137,12.88344179734976,11.58,,31.007152116,,
DNK,400500819011.3712,67822.08563659416,2.9295406045929573,5.159000000000001,120.76043929902899,64.41948137675278,56.34095792227644,33.17461812402748,6.900256474812827,10.102395056,5903023.6,88.3688,57290757325.34697,14.237350956159219,21.53387992877916,44.98,82.90091898,3.022083077,10.7,974.207
DOM,106322792770.12976,9454.527348285159,5.784594714298544,6.072,50.53770186398916,21.28858751803308,29.24911434595606,24.500079122051922,3.867416920541933,4.6674458975,11224266.4,83.8116,13779306214.70398,12.99776742962428,29.71037826266566,24.26,73.32102758,25.865177442,14.4,1088.118
DZA,217597806536.5126,4772.17234752706,6.454999568584403,12.632200000000001,45.5280264396281,23.35202083002175,22.176005609606374,39.07306854061017,5.5168384924841956,4.922432005,45451821.2,74.75640000000001,17918965618.16655,8.495537252583263,36.7875421595472,16.6,75.50643476,21.451445636,13.8,709.109
EAP,20901103310390.418,9799.093925439916,3.8286328801784544,4.1129420541548685,44.13431395488798,23.23361597224592,20.91262967952502,41.48781250356568,2.8503073128230927,5.20858996927524,2132526091.6,59.1943490564938,5251147003451.962,25.13040954851226,37.13850868126724,,,,,
EAR,13881464511633.66,3990.63242356533,4.69998769407915,6.094012624525786,53.73433347442816,25.47455689327268,26.792268864244882,25.85743195960986,3.7075310581630747,4.862544849691602,3472521673.4,46.63913579694816,2359018537326.266,17.014508587444077,32.47401171621504,,,,,
EAS,30664172560136.938,12885.867085383561,3.2481917798422266,4.014906393512041,56.48395797506328,29.39673433646022,26.81359808490718,36.85557346400095,3.172650290374155,6.759257998072265,2379417825.0,62.212104383583565,7076569288037.091,23.07301593943552,34.362397099977024,,,,,
ECA,1896410512024.8718,7568.870340608002,7.222939003436144,8.077542683989787,72.74706495408728,35.6075586863233,38.056930435393916,26.02687739805354,3.9746599793434125,5.242149734319982,250645969.2,64.16268571827608,311691831564.36426,17.6713964255752,29.14929686815942,,,,,
ECS,26053283875950.86,28144.810323798818,5.07343386108451,6.167690704670386,84.844787074705,45.70795653232908,42.43151758287704,24.77120387184636,4.711569945017497,10.007993658533548,925568924.6,73.04487336438532,3596787577294.056,13.82340630289426,23.35949176928286,,,,,
ECU,113000159940.0,6330.621432609766,1.4047123028378536,4.5446,54.6664544970465,28.023862741416583,26.642591755629923,22.79646376525568,3.8503575325012203,8.05158496,17833595.4,64.5836,14695940640.0,13.00245643515844,27.000459339931684,23.13,70.95068197,12.57945498,14.7,2023.884
EGY,414044662706.82336,3673.4078399953823,17.262001903237298,7.4582,35.80349735684244,14.72065706479602,21.082840292046402,13.96264844712808,,4.516812085,112792882.4,42.994,63693545145.91118,15.35872870862996,32.313093153551776,6.71,66.6899896,17.233577469,30.8,31421.766
EMU,14966233188370.418,42888.255550632704,3.8227817192016564,7.0545856709529655,90.39489446545669,49.42067618919748,45.89127029633598,24.64391382040682,5.110458294550576,10.864457017796724,348862549.4,77.7160089926699,2155679067088.58,14.419163883957442,22.01813294385538,,,,,
ERI,,,,5.8198,,,,,,4.25284952,3411378.8,42.626999999999995,,,,0.88,63.57308435,29.037888055,27.3,171.944
ESP,1508072719972.9958,31421.942247890904,3.493499608784563,13.3606,69.41900967530522,35.86905611466206,33.54995356064316,22.844016592640138,4.749953269958497,9.9784724725,47948878.8,81.3048,164847690415.08258,10.93808032220314,20.19713098552168,42.94,79.98630023,2.336939235,12.4,864.494
EST,38291511022.37226,28328.46094145586,7.257336932332436,6.5822,155.8381235271186,77.69887552242652,78.13924800469228,25.536860670762042,5.288096586863204,7.2154177425,1350313.2,69.6164,4655663658.675332,12.20198795867858,21.99779214233328,34.69,77.13131363,1.436677164,9.3,25.81
ETH,115230776314.78601,942.4447901544254,26.4684645186134,3.6276,22.57193245727882,7.03066821328793,15.541264243990861,24.5801087559723,3.4234722041081893,3.1960296,125438401.0,22.6696,5403425835.95979,4.60701502907521,23.51569100903268,1.43,69.74860163,41.032350693,17.2,1670.45
EUU,17605262413357.16,39282.56597236554,4.119888323036855,6.431023469440584,93.24244388897635,50.660421290212824,47.16847014259806,24.88438141520818,4.793059905370073,10.509354685972673,448082616.2,75.4622778291178,2562256392672.8037,14.56718610965228,22.539840149889862,,,,,
FCS,1790229285524.3801,1726.845175563516,5.1696953168799835,5.852145999932534,,,28.6199849109989,,2.9520866260833034,4.75180590886415,1037399770.8,44.41452734342634,,,,,,,,
FIN,287852573139.161,51675.70202197124,3.4849937791862344,7.5012,82.97428075329371,41.41367903340914,41.56060171988456,24.01671592967626,6.54850673675537,9.5743570325,5569558.2,85.6878,42310143065.8267,14.709021673180299,23.85059846221856,36.09,79.00774147,1.667363161,9.6,522.328
FJI,4997922408.936422,5424.551543717348,1.7480724197375666,4.485,99.43863059151575,40.055858277412455,59.38277231410333,3.2586840458562585,4.710768674990505,4.844280482,920805.0,58.224199999999996,502224919.2598926,10.160605496297396,15.58025150561738,8.13,67.67014085,26.129946352,35.1,241.535
FRA,2924914528479.504,42963.83894198818,2.843720886961065,7.5792,67.24000850321241,32.77461129411406,34.4653972090984,21.87979764248808,5.466836611429851,11.8364627375,68062624.4,81.5094,275359382524.6308,9.410059932769155,16.91533536174644,32.81,79.07623773,3.411659765,10.2,1921.687
FRO,3602630616.8024073,67225.9890429994,,,109.89265891768466,54.9578819879822,54.93477692970252,,,,53791.4,42.7906,255667980.4736295,7.079037671157713,19.532617448832024,,,,,
FSM,419160683.0495688,3737.5506450033417,3.0515408172061727,,91.03595256000963,22.964521815721717,68.07143074428787,,11.5591397849462,11.4165949825,112088.8,23.2304,2052175.0,0.504996577796547,4.981280117030858,9.74,62.98522647,23.415429835,46.2,3.208
GAB,19230118459.1201,7897.316172253768,2.29461037607183,20.6452,86.59978864342693,61.11224939448482,25.48753924894212,,2.6558032898813373,2.93504727,2430749.8,90.7172,3845084033.0357223,19.94022170386718,50.0076853488201,5.21,67.91844591,26.495975388,18.1,53.093
GBR,3193567997243.018,47046.37402299396,4.299089329138494,4.2246,62.737208803150565,31.00687905753922,31.73032974561132,15.700899197880142,5.673089981079105,11.172257042,67810000.0,84.3958,267571972206.71802,8.408709927807035,17.123273557891217,33.01,78.27424872,4.308135721,9.1,11234.213
GEO,24880505723.06374,6718.328767439634,6.0530045588658,11.637,104.1347993377365,45.9370693037806,58.19773003395596,16.04308645693182,3.769641657612074,7.62668538,3706632.2,60.30219999999999,2224608144.384186,9.108857605983154,20.284690234774622,56.42,71.24038597,7.951448459,32.9,100.913
GHA,77362777513.52176,2332.04628739727,22.41391341761595,3.1702000000000004,66.62785922410222,32.65345468462058,33.97440453948164,15.31303489124735,3.23976749945799,3.8118372575,33154190.8,58.6082,8425952169.858487,10.90746533911938,29.60480282372124,2.66,63.69049028,24.698205883,22.2,2867.522
GIB,,,,,,,,,,,37688.0,100.0,,,,,,,,
GIN,19762037091.497658,1397.547908227466,9.924012932523643,5.5172,104.20975886129581,47.35539038015124,56.85436848114474,10.99361909086534,2.05518501562728,3.9164425725000003,14059417.2,37.681799999999996,1945062826.675927,11.244801984978116,26.9705941550151,2.1,59.94664411,68.061717185,23.6,12.371
GMB,2186939047.938532,827.0308051394325,10.670002009084978,6.2424,44.07805287614072,8.19012684143285,35.88792603470786,25.979382235004643,2.90804791382428,3.3701150975000003,2637209.2,63.84159999999999,38336018.68452,1.8635177880336875,15.934061162740699,0.9,64.21396887,29.481238401,21.2,0.194
GNB,1919801971.2229562,910.0200925852793,4.728205014566506,2.7718,43.49689510309306,14.90528964005642,28.59160546303666,16.517933980678926,,8.119121312499999,2106463.2,45.0426,149819702.65604338,7.711174085447463,13.92574575860238,2.52,58.62801846,43.055919952,23.3,166.506
GNQ,12180133147.3795,6744.435788800767,3.047441770710111,8.4804,71.7384563994952,42.14133297335732,29.59712342613784,,,3.3679534799999997,1803772.8,73.9986,2834540571.730728,23.061740731077997,48.81493209735136,1.53,63.21443749,43.97618821,19.9,2.812
GRC,225838099686.8022,21533.2206018166,3.165478602042184,12.836000000000002,89.49170731348299,41.28367781370478,48.20802949977828,9.047120710471635,3.37547993659973,8.85177517,10499816.2,80.3534,19758982533.97542,8.742052554136809,15.2808975920348,65.76,77.25505569,3.179875626,16.4,605.477
GRD,1222672961.4814801,10461.231481674378,1.3683189901390207,,,,,,4.4178082168514035,5.1368773,116846.0,36.885000000000005,39555555.55555555,3.3376885604663675,14.70267705605058,13.83,70.52317817,15.255847724,17.8,20.563
GRL,3215520742.0343423,56770.65878287205,,,87.89964810780445,37.902505463054,49.99714264475045,,,,56676.4,87.721,93545256.45385285,2.9219728008725525,19.398707669114202,,,,,
GTM,95476884926.03601,5331.455178157422,4.687424716309733,2.5486,48.0948435379209,17.08357599240122,31.01126754551968,18.8587438318435,3.1751199960708627,6.762935994999999,17867009.8,52.6774,13295414340.51382,13.94298808508174,22.2486682624466,12.81,71.89797363,17.869858358,16.4,262.416
GUM,6353333333.333333,38796.9891610767,,5.7284,65.7933153147289,5.796467110312871,59.99684820441603,,,,165070.2,95.09,,,,,,,,
GUY,13997082123.453236,16981.481336051318,3.573260777133048,12.8188,,,,,,4.562864305,820408.0,27.0366,285185851.31894475,2.8754712858520723,60.12132824120188,13.87,66.0777533,20.767196725,23.9,163.113
HIC,64872630188339.336,46247.7263985471,3.5308792336203907,5.052558722990068,61.72210823692012,31.4468713479288,30.403240745203856,23.23829502878316,4.774801572163897,12.916815713248326,1402099167.2,80.95246531248813,8313658583236.891,12.83172509284258,22.56348520142972,,,,,
HKG,372149998166.97424,49875.62754259218,1.505482748211716,4.2084,370.0817109644592,186.6640875737618,183.4176233906972,26.650816598868523,3.9491820335388184,,7460080.0,100.0,3414154939.030215,0.9397136600138675,6.17989219405614,,,,,
HND,30874395435.838318,2939.9889769771717,5.661678662728429,8.0786,98.79483263536946,37.71950034465618,61.075332290713426,18.92572588994722,5.253008996039815,8.440146685,10468788.6,59.5942,4838115659.642194,15.748267147183299,25.807440064752143,4.89,67.43758929,13.280712554,17.1,1650.058
HPC,981368947314.3125,1094.486323825307,5.839154797820648,4.592157593637976,52.21532980785172,23.1245727620975,30.8150615612961,20.184315621550876,3.2658443162760324,4.82703151606945,894259383.6,38.046035884143734,104885806551.75589,10.69628550839532,26.4434526352629,,,,,
HRV,75017755979.35799,19372.279432391522,4.880637119831115,6.679399999999999,105.49457606552434,50.65743516547408,54.837140900050315,23.04539761873108,4.250104904174805,7.4054079075,3874962.8,58.234,8804608019.161839,11.79543943640962,20.11900813526212,39.09,76.8616792,4.236320214,15.9,145.699
HTI,20142786020.92192,1746.955414804886,27.476868003697057,15.015,32.82842824983666,6.13975610381085,26.688672146025816,13.52453664661335,1.0869585904507135,3.4458602075,11506399.0,58.8,4555137238.580714,22.181380943635823,28.725178669102103,2.92,62.4563858,40.327794429,33.6,355.3
HUN,191243033184.5868,19904.82520030606,8.774904564463313,4.089,159.5435165371564,80.50123095805715,79.04228557909912,26.458330677353057,4.2167400519053135,6.799938299999999,9612185.0,72.55640000000001,31950950069.40574,16.743054802818882,24.39207014890826,34.56,74.39546955,3.469176767,15.0,551.624
IBD,37056479256190.12,7513.369403037645,5.011304931319319,5.837187790673428,49.878807814759895,25.34760882531328,23.92883861260826,32.45581991962535,3.8969379374053927,5.63088349336668,4928987561.2,57.3936017968709,7704058313968.828,20.82613358724984,33.89914070747812,,,,,
IBT,39782818214085.46,5847.742094989494,5.109135917419009,5.650211860351928,49.75157738204382,24.99342137635136,24.179539680904742,31.97618235246775,3.6787779697005676,5.509928496075682,6796024724.6,52.32056642898524,8086866744290.721,20.355893504398317,33.46434597379002,,,,,
IDA,2723727703927.0103,1458.31319349402,5.351701059339488,5.051029453412082,47.932433091690804,21.18957211609268,27.57349666400258,22.7440754692196,3.2063036307572723,3.949797878850795,1867037163.4,38.912143875982636,382774990663.7986,14.040435524011901,27.54654454866262,,,,,
IDB,1152594029962.826,1770.180002591386,3.9870876413397958,5.055948801623354,,,22.182223465638362,,3.23264904038437,3.74689742265637,651777217.8,44.51572146897414,149850970093.6334,12.98231715614188,25.44888108871138,,,,,
IDN,1266427023383.99,4534.689821738928,2.7080556048877242,3.6304000000000003,40.51010760875086,21.4375591365637,19.07254847218714,33.938279757231236,1.0468159880236192,3.174899935,279016289.2,57.928200000000004,240325960328.6018,19.01949004147278,39.8093290245054,5.24,66.41327031,15.112246863,21.9,29382.536
IDX,1575559147996.408,1294.345706530532,5.890473990375154,5.0497891954907015,51.443830162350615,21.63004344617118,31.373520017658144,26.352641707714675,3.187124132398365,4.1205530024991575,1215259945.6,35.90207676513298,235614163053.67578,14.96064470404466,29.075158928561258,,,,,
IMN,7348892091.33894,87380.6835031706,,,,,,,,,84125.4,53.287,154646541.837336,2.11682131457438,8.415026041606131,,,,,
IND,3347880950838.948,2344.177773404882,5.811211417532668,5.487,44.58407983724158,21.1919993138391,23.392080523402477,29.8612760036618,4.34050275791147,3.2367882125,1426250038.0,35.8844,447401350093.6214,13.439051283418019,25.348363195741,7.23,67.30780612,24.498441818,23.6,136976.103
INX,,,,,,,,,,,,,,,,,,,,
IRL,529043330000.0244,101404.62646767551,3.651297943499176,5.029,239.3671170701598,137.5674852289188,101.79963184124081,34.277414905212154,3.04813492298126,6.62372613,5210205.0,64.1948,170909016219.1574,32.437762819887595,36.0536003851785,38.75,79.86626285,3.613007636,11.2,35.562
IRN,376303398068.7616,4193.140956890786,38.9013353282591,9.2574,48.33531508139566,23.2352314233365,25.10008365805916,,2.89978768431448,5.6986284275,89575924.4,76.7962,73537636607.59995,20.439172528967624,37.33165329639256,18.11,74.71077692,10.655915338,12.7,8853.239
IRQ,245297056925.3684,5544.668796366128,0.7344326572023654,15.686599999999999,66.4404245815001,37.34732051705136,29.09310406444872,40.60101291864775,,4.8977105624999995,44074886.2,71.36359999999999,7172537261.470657,2.882233384027892,53.06347297612548,10.22,73.9119724,20.824755634,26.5,167.706
ISL,28202355507.27608,73197.38808361,6.038812066349376,4.3842,81.55135791229819,40.300248713762976,41.25110919853518,23.1243118766127,8.02738316853841,9.276467896,383789.0,93.994,2600459360.131382,9.314515997701543,20.63502284185636,43.73,81.32974057,1.770386745,8.5,22.638
ISR,495673094183.2368,51595.300399300744,2.5232124621901972,3.8844000000000003,55.84510633554028,29.2452592732053,26.599847062334998,29.041970581801017,6.202366511027016,7.47212696,9593480.0,92.76480000000001,58385954909.415344,11.800349637341741,18.710689803355958,37.97,82.09316588,2.479067911,6.4,134.315
ITA,2173627237130.1382,36777.88101843236,3.30838660806918,8.227,63.014983272626296,32.252845247152536,30.762138025473757,22.99976041360254,4.2196831703186035,9.034143448,59113037.8,71.6614,326337146541.5418,15.007978058637722,22.316809598985877,41.91,82.19747411,2.523430004,9.1,8697.238
JAM,16984282477.242243,5985.280569768206,6.66504217730205,5.0114,,,,,5.506923077556658,6.921422365,2837305.2,57.0222,1368888447.172264,8.072553172371972,19.63661281953888,4.6,70.1439437,15.950753448,20.2,143.476
JOR,48640442507.04228,4324.394156986578,1.9100019576283245,18.643,90.10311893622834,36.5049523775116,53.59816655871674,16.9268757585098,3.33981703729799,7.05456388,11235987.2,91.8194,8391821774.647888,17.23820017909252,24.27875337343198,28.51,75.64973596,13.395796325,12.4,432.805
JPN,4519011510217.334,36100.20123496768,1.6492049287961177,2.68,40.009380316465354,19.260097541839976,20.74928277462535,29.135824180974975,3.3209649324417096,11.1977066975,125111920.6,91.9562,943148707033.0828,20.30879219776735,28.648905688513576,26.49,84.46067178,1.850093234,5.4,30949.612
KAZ,228787437887.6242,11381.0449838931,10.670383865508693,4.982200000000001,61.49793750463345,35.0631096301926,26.43482787444085,26.464700041043624,4.510897887527365,3.5513309250000002,20036600.8,58.0096,29223741939.51658,12.870013341792099,33.43687647139304,37.54,73.93874626,6.588448039,15.4,368.45
KEN,111469484695.5792,2051.404650823952,6.266829136275288,5.604,30.82772696745378,11.085240948356383,19.742486019097377,16.308827095334617,4.486377094106804,4.43813145,54292181.6,29.0118,8200483666.685884,7.576939192866055,17.00315181194876,2.89,69.21556653,38.349748028,18.0,1529.437
KGZ,12462727121.440845,1775.344558767248,10.726662285246803,4.0098,111.35344431328619,37.1532406924363,74.20020362084988,19.127250806706463,6.22390762712776,4.8694995675,6975480.8,37.486000000000004,1589501208.748664,12.7566045992749,24.63466403448238,15.678,75.75667891,14.934850197,25.0,195.735
KHM,40058212895.8221,2326.360223354754,3.3330501333663802,0.25880000000000003,138.3625455433262,68.54922869668329,69.813316846643,37.540583266478066,2.0872046993796047,5.14331174,17192836.8,25.1238,10609213312.842669,26.38260588683148,40.1822227624402,2.11,68.92399972,20.316859905,22.6,3000.591
KIR,274534325.7314058,2101.986707878764,4.8089726165379,,93.62173517043294,6.628729018703095,86.9930061517298,31.024264532748333,15.348522146140123,11.462138415,130398.6,57.0394,13713923.8094496,5.305594492535017,10.167926757405253,1.93,60.87345633,43.657171468,44.1,5.34
KNA,969233333.3333327,20715.40846881184,1.46982380452609,,,,,,3.2361749340912924,5.649959805,46788.6,31.0114,43089629.62962964,4.479970707704248,21.99419427067174,30.85,,12.763447576,,
KOR,1712363576197.0725,33090.719018432275,2.808866908819823,3.1412,83.42739762421073,42.626063535909225,40.8013340883015,35.3042011821291,5.16082000732422,8.950771904,51748406.2,81.4418,429091691726.0377,25.052319314937826,32.072660483265025,26.1,86.65826663,2.518936917,4.3,9108.344
KWT,153701973802.5892,33105.23804228602,3.2093446798427556,2.6008,84.97664371785216,51.96238012440103,33.01426359345113,37.893386145018,6.410429984746523,5.3170622575,4635611.2,100.0,13246432853.85722,8.71176663190207,57.99106678650598,22.73,81.75064092,7.57783607,11.6,667.448
LAC,5216590587728.044,8890.598672456941,4.81083653320876,7.700879852035932,49.4626320520256,24.85583843377436,25.8761929070167,17.344097950245278,4.07412576061997,8.020556197689112,585934547.8,81.14089173311646,786725682878.9465,15.031151466442822,26.146041319299876,,,,,
LAO,17124765567.45322,2269.43233031807,17.2353238553834,1.6084,,,,,1.6175126272255076,2.3562372325,7558709.2,37.5948,1483435923.1541982,8.697449380522567,32.04705686011242,3.31,66.08941394,35.165674638,23.1,590.004
LBN,23978778029.0954,4184.662233485483,135.48212134045497,12.274000000000001,87.0132782563337,26.94460144347055,60.068676812863345,-9.300871727257974,1.624001286859605,6.715383650000001,5748892.8,89.263,631784776.333753,2.18527468238827,3.4684656468619974,26.8,77.4956995,17.047921887,9.0,86.94
LBR,3966044560.0,734.9685972008646,10.134746166311974,3.3491999999999997,,,,,2.27555893491904,12.150151727499999,5377585.6,53.0742,,,20.49760380440546,1.78,62.64177415,58.056519903,23.4,379.464
LBY,43410264176.81622,6012.803707515313,2.665000264611312,19.180799999999998,132.233060749363,72.86807532204358,59.364985427319326,20.97344399360603,,5.8795939675,7218212.2,81.3,,,62.67114688211582,20.42,70.22740913,16.728501846,21.4,735.848
LCA,2137680740.740738,11942.086000514635,2.1986732762657715,16.738400000000002,,,,,4.141723575251396,5.4079468225,178916.4,19.061799999999998,61582962.96296296,2.889484973196526,10.451526990305865,42.34,71.1130421,12.929291436,15.2,8.807
LCN,6234951916137.138,9528.473733010953,4.234693613168995,7.746610701905473,51.46762936314586,26.26043042100744,26.693038021237538,17.46054100234336,4.056340334089793,8.114864172716441,653528110.4,81.56374505180132,1086932057589.8004,17.39700592605842,30.64419704833306,,,,,
LDC,1365029358551.666,1200.640501276222,5.964451748337756,5.263710942634409,50.761336191796076,21.35542889533086,29.5196787832626,28.09458231611985,3.0572537016711325,3.8764161237597725,1135199853.8,35.8545575742366,204336450513.703,14.96805730631192,30.141056325319,,,,,
LIC,405937075802.0662,683.7889356045401,6.084251505542665,5.6273777395019575,54.50635357958902,23.75332991214686,37.1958554575378,12.1897730010345,3.261130114396233,5.641316063322602,592116797.6,37.15047265523652,,,26.359235374619562,,,,,
LIE,7496094448.9889,190352.85584811127,,,,,,,,,39524.6,14.5498,2563119703.3203964,35.379699398107995,40.56932734969313,,,,,
LKA,85942924374.77249,3900.3316637202925,15.800328417329116,5.1732,42.18686087467472,18.9028161832183,23.284044691456423,29.078978059366676,1.52403690512691,4.087849435,22041800.0,19.0452,15346939974.90166,17.90889963230874,27.8614312593176,11.36,80.05458522,5.347159916,13.9,51.433
LMC,7159522343935.058,2349.21468082828,5.750098018935715,5.274267359573826,53.687876154985204,25.97486898983098,29.628857369277398,26.31875836040488,3.3968704136957624,3.807400450585895,3044197359.8,40.46255351184656,1057785069892.5287,14.794298648822041,27.55016361110168,,,,,
LMY,35682895725244.9,5536.274215354798,5.10107557621241,5.706091094636024,48.29256194370166,23.96286883928554,23.5235971412374,32.75510724030893,3.6305247430188574,5.36767842155695,6438816121.0,52.09257698311584,7386444979855.508,20.72440272575374,33.2156683223286,,,,,
LSO,2242063010.3590302,980.6784801287837,6.34906205103199,17.184199999999997,141.0427052724885,45.00611625425408,96.03658901823445,19.29681713810545,6.9563221084377656,13.9735651025,2286454.8,29.9526,344854840.5267866,15.35979955766938,30.679792318961642,2.35,51.47907482,55.422958552,36.3,338.713
LTE,27498937991218.64,11834.226421900312,4.6088059600053075,5.210438088709818,53.60397587302434,29.526448451197503,25.77699939740978,35.31400075278643,4.296097593476027,5.908808741836412,2323312939.0,65.58814404435756,6105887846848.238,22.22876741125514,35.081803196876976,,,,,
LTU,72028467394.311,25311.43699647138,7.084308053968611,7.1798,151.669041053714,77.88626243374559,73.78277861996818,22.97644293154614,4.322036743164063,7.351143646,2842005.6,68.478,10942910383.741438,15.27096997695476,24.58360846785192,61.04,74.13314711,2.595089808,29.1,2507.857
LUX,84326114459.20609,128893.9542438776,3.095084357989566,5.6088000000000005,397.59020260785303,215.1264925965078,182.4637100113456,17.77107067308912,3.759793361028033,5.644976808,653546.6,91.87,3478966285.357428,4.1580584945014865,10.045169624945762,29.84,80.76781168,2.159631214,7.8,9.55
LVA,39134178677.315384,20819.30579708438,6.20180447809777,7.122200000000001,137.7919940309586,67.60616854025086,70.18582549070784,20.90316767688212,4.694743315378823,7.663454055,1880841.6,68.5524,4407009674.578627,11.321329487850871,20.7407519436481,33.98,68.49511637,2.690912674,13.3,595.998
MAC,35459650963.69594,51957.18904207372,0.5898193489211649,2.3898,146.880296961331,83.58143467653494,63.29886228479626,39.08668766430145,5.263839960098265,,682200.0,100.0,262453101.03612626,0.839081173041844,7.717001143881027,,,,,
MAF,649206156.194207,21668.3740927942,,,,,,,,,28852.2,,,,,,,,,
MAR,138635145915.60278,3654.839306640628,3.1682735291189803,9.856,87.00973212253476,38.95599639657626,48.05373572595846,27.79416440770558,5.965058169480128,5.447329165,37332278.4,64.5914,20718805917.112923,14.97602775512892,25.32149789880474,7.4,73.71494086,13.88790814,22.6,9779.826
MCO,8537440014.84457,220836.94188166602,,,,,,,1.4408533175786333,3.80671996,38619.0,100.0,,,12.809102137653074,86.09,,2.497202083,,
MDA,14932040124.424139,5962.356595338836,11.140885157461195,1.1714,92.5030033632678,33.26314326645388,59.2398600968138,10.891861525880495,6.290332555770875,7.05388987,2521330.2,43.1984,1325909357.502026,9.013624845575984,19.46498987590442,40.16,73.6336332,13.492511012,16.8,35.808
MDG,15204507343.889038,498.2942684849244,7.01224034503751,3.2076000000000002,58.17563814855824,24.881017787948643,33.29462036060962,12.364774426613911,3.1419853422940727,3.3948023925,30448557.6,39.882,1714891280.58637,11.616903453112798,22.16436827064536,1.72,64.02700715,44.175046993,25.9,2362.997
MDV,5741644143.649804,11020.387458228739,1.1667564060568325,4.7508,142.311285017224,70.34829812858945,71.96298688863435,11.2375838929606,5.075478076809165,9.68598342,519234.2,41.537,115135985.98161054,2.074889317540018,10.07693432667924,22.35,76.59470056,4.979369712,10.6,49.976
MEA,4539482307723.064,5782.080500146032,3.159391047679894,8.550383451402487,70.56822185175886,38.131128581373446,34.13371053481562,28.1120226950019,4.14270997047424,5.321825847584988,783450673.2,55.00255228762738,575043789146.9343,12.64250007429804,38.32604382714446,,,,,
MEX,1510124175608.3699,11708.3075403612,5.4465071163792675,3.4381999999999997,79.4463833682708,39.14060490607726,40.305778462193516,20.587833031039757,4.26792001724243,5.7411234375,128732217.0,81.2982,308502907339.6466,20.474971438481997,32.04472386668844,25.88,70.83258685,9.647736222,16.3,2445.348
MHL,258751568.84596044,6477.680524225628,,,113.6139624218065,40.405881358450046,73.20808106335639,13.3574538748771,12.23945289248816,12.8765082375,40105.0,78.5104,6605550.0,2.6174027488428324,10.88865303051243,4.67,,26.323792926,,
MIC,35274174286381.2,6028.058667425182,4.9718285369196655,5.712199442257402,48.21756771885116,23.97905216405936,23.372840479549758,32.9158974134001,3.6530070052328725,5.364940133310315,5846699323.4,53.60595688372074,7337448268242.666,20.82513418424502,33.29268039723384,,,,,
MKD,14548519614.199759,7964.1897816672545,6.297430657551408,14.6886,145.6519831459278,65.29923930158212,80.35274384434538,28.47624594579518,,7.735777735,1828989.0,59.1466,1950712789.417284,13.39938110485742,22.854190437870198,29.44,72.99535604,2.680571299,24.3,118.988
MLI,23456294169.48768,1014.4554493024349,3.850073755998585,3.1794000000000002,56.594976179158905,24.431838953990418,32.163137225168484,16.92737392558705,4.13698576242588,3.6111904975,23084565.6,45.429199999999994,1718664542.2919998,7.320895087881868,24.87579034716384,1.88,61.08022019,57.553430116,23.0,2176.948
MLT,20381075209.26878,37730.59429922028,3.0069911276148376,3.2950000000000004,236.5144191755916,126.219202175819,110.2952169997724,24.042228875633278,4.82531499862671,9.8912959075,538369.2,94.87519999999999,1281941447.28132,6.31794967721817,11.88391853093986,45.134,79.95901198,4.84091865,9.8,29.095
MMR,69688369269.48648,1296.6889012114038,,2.9874,,,,,,4.8769661175,53758860.0,31.788400000000003,16862067637.766058,24.20722487846314,37.70144739810106,7.57,67.84580637,37.727743803,24.0,2181.511
MNA,1978081579707.054,2755.583520469484,5.214579533723306,9.304356218098324,54.1666814466308,23.56846088154158,28.598003911870098,22.647959756199025,,4.962345066972745,716853569.4,51.90373548932986,252475697074.6855,13.03612780056345,32.92660686904864,,,,,
MNE,6492271090.589454,10398.629736562812,5.42339382325208,15.5986,109.7800323847799,43.03774300528742,66.74228937949256,13.517868830800044,,10.3066403875,624518.8,68.164,226126915.83145952,3.76170599936071,13.84437988271298,27.83,74.70975149,2.230984009,13.4,6.726
MNG,17931414415.37296,5208.499152956226,8.55793249455112,6.2958,130.004073140932,65.33318948279458,64.67088365813768,24.31381938149772,3.65764999389648,6.30583942,3430125.2,68.9448,1190998051.874874,6.7883446646032555,37.40815171365746,41.3,70.09795294,12.554116865,26.3,973.017
MNP,958666666.6666666,20487.36474233437,,,83.67493142767326,14.35362655166034,69.32130487601293,,,,46001.2,91.9836,,,,,,,,
MOZ,18531575111.606518,564.1729577058978,6.275471436693958,3.7232,109.71280080527158,42.19610230410798,67.51669850116363,9.33800803913562,6.16243494172603,8.2726986425,32682932.0,38.193599999999996,1429099551.864482,7.782834196241292,22.56444913227072,1.75,60.54787171,45.415409858,33.5,16.336
MRT,9691939327.04048,1981.502621745824,4.584163967436378,10.7096,92.14487815061187,39.821981568298554,52.32289658231323,33.0642545416056,2.4498749971389775,3.5893421775,4880495.6,56.908,617653810.5222197,6.385170378578939,31.20234918607528,2.61,69.36220641,31.021062326,16.1,381.372
MUS,12970794848.25868,10271.54487328574,5.6081170601437815,6.7428,99.43688808993849,43.68985893619916,55.74702915373943,15.651998165932202,4.504449939727782,6.0577607175,1263084.2,40.8312,1476900084.954756,11.38689622837064,17.7208728849988,14.36,70.13596527,11.943652834,27.0,2.458
MWI,12059515780.83526,586.9879287008071,19.975804356411807,5.301,,,,,2.74888371105811,6.9196010800000005,20581928.4,17.996000000000002,1357798021.39313,11.042618717109985,17.137877659191698,0.54,62.48652597,29.361879146,27.4,4.269
MYS,388104813734.0072,11171.014735252867,1.8080129383959602,4.161,133.35204877873,69.79953977592596,63.552509002804186,24.8368725134499,3.79674797926236,4.0505493275,34710284.2,78.19739999999999,88876037764.55692,22.88800532028738,37.49131796509492,23.41,75.31574097,6.0931083,19.9,1390.263
NAC,27654089336718.46,73804.47868043419,3.8175686070757058,5.174902279372998,28.38304942748818,12.465370887175,15.48263837066836,18.55114944727658,5.035448312759397,16.957977373216075,374302330.4,82.95028260304409,2797709852498.5576,10.113215664691257,18.180828112190238,,,,,
NAM,12267261912.98904,4248.391385910092,4.405308534632018,20.0268,96.02626480631302,38.2726776218952,57.753587184417825,9.16103363178755,9.536450451923937,8.9800741675,2884439.6,53.935,1340056664.767126,10.93044819379584,27.285808101498098,5.53,60.35994599,42.1214128,23.1,91.891
NCL,9716432616.692358,34032.7493462294,,11.5794,,,,,,,287804.4,72.31859999999999,,,,,,,,
NER,16065986902.94132,631.8129628126566,4.746954569868036,0.5144,44.75578832767998,20.19907956022444,24.55670876745552,19.013325816937325,3.8568179014639425,5.500905395,25344801.0,16.9114,1078191668.4037168,7.34110064849181,19.1564458760108,0.38,60.93901222,72.121330645,18.7,10826.866
NGA,380408394075.443,1715.9778738385007,21.38954075836048,4.2152,,,,,0.35228562481638126,3.6783165325000002,223247757.2,53.507600000000004,53063460390.87866,13.94881942869012,30.52725117869104,3.8,62.06702482,60.097513718,16.9,3050.57
NIC,16013968109.60642,2371.341611201686,6.418009758328251,5.314,102.76582559536413,44.87171052083686,57.8941150745272,23.90266347043402,3.833330029161573,8.9091200825,6736083.0,59.5698,2266102799.670124,14.176634518852278,26.75560587644862,6.82,72.2627673,9.129068459,13.3,562.945
NLD,1083095802682.776,61104.79328936718,4.227064985384082,3.7382,164.3149365637412,87.36136433321289,76.95357223052822,29.35682018590336,5.282399972279866,10.6473860725,17709376.0,92.8652,114565731804.7753,10.574476923114881,18.07075697600684,38.76,79.58002654,3.466365406,8.8,406.236
NOR,486795237189.1288,88997.89696302052,3.8395479707253677,3.9112,76.15443282393383,45.2432175516992,30.911215272234642,40.66159495662864,6.929633299509683,9.90613413,5467357.6,83.6548,28149683396.095722,5.864601326360452,38.00518591797806,49.75,82.88199872,1.934893134,6.6,117.287
NPL,39100696182.78766,1324.503441625774,5.991899467965513,11.4678,43.00921067334106,6.650945311542278,36.35826536179876,56.09131643169712,4.090584218118581,5.40814209,29500537.6,21.4608,1796646868.314066,4.595832817244912,11.88335944427464,10.11,70.04936795,23.296469589,19.6,6643.368
NRU,152808287.5909752,12951.56359900112,,,143.0982700944802,42.243398139551616,100.85487195492846,,5.664772145958482,13.32224512,11795.0,100.0,,,,12.73,,9.078474806,,
NZL,246389676628.242,47540.474913782964,4.296773544278652,4.0531999999999995,49.100271123990176,22.9423583327444,26.157912791245774,18.30186867342555,5.42524015903473,9.9044735425,5180420.0,86.8896,21423174169.9673,8.991893410197564,19.4699597772328,36.11,80.36105381,3.984233877,10.3,48.568
OED,61085564252025.04,44205.6444669844,4.0459489804911115,5.612329266735032,57.286439043823385,28.20602117306272,28.33686630542602,22.41034862626168,5.136398315429687,13.17816110953845,1381124791.4,81.46977361436842,7838541342305.526,12.847688319764462,21.58422517748386,,,,,
OMN,97184915474.64243,20126.56118414898,1.065264735889756,2.8954,99.87177390395217,56.1948196779459,43.67695422600615,23.4212591863552,5.589464902877805,4.0530542125,4816790.8,87.6936,9368426527.95837,9.551548994017738,53.60874261725856,19.92,72.47676726,8.365620401,13.3,1814.816
OSS,179809735884.006,14143.530333089639,3.449350440474544,8.998797757911044,146.1644991203848,75.1886704797749,74.41921448771626,23.084578936043222,5.109079588963217,7.604769635623745,12693920.6,55.6061108469184,15934470751.859879,8.892348493266581,21.4688779714755,,,,,
PAK,346957988087.8828,1424.391704369086,16.502144716728445,5.766,28.57174370094412,9.954853926184425,18.61688977475966,13.09230290417444,1.9160583023174524,2.92364961,243390774.6,37.7482,44466027089.4671,12.76368857425326,19.71901145821906,11.6,65.99092295,45.11100255,26.0,56319.673
PAN,74062186520.0,16784.4122219606,1.0239436714206724,9.1976,83.01353354313595,43.11540635207987,39.8981271910561,30.851572674372022,3.466730058193205,8.9882607475,4402755.0,69.146,3804797560.0,5.177403026867053,26.070943966621677,16.25,74.35268157,10.610427661,9.4,252.924
PER,245996944284.3128,7330.014390585566,4.6142206103492445,5.1706,51.846252920583744,27.35041204284986,24.49584087773388,20.01905372957256,4.06372994184494,6.0682995325,33506672.8,78.7132,30352153124.801125,12.32735942816788,33.4395626055811,16.88,74.80744833,12.139296463,12.8,1181.425
PHL,411773002386.2234,3609.7897253955816,4.26642615035656,2.5786000000000002,65.47785911455051,26.350513254812803,39.12734585973776,24.81506345558686,3.771817235549446,5.113333036,113976284.2,47.994,69273524675.44405,16.88702451022098,28.480513867263063,7.92,69.88256359,19.623407794,38.7,29863.39
PLW,258045975.0,14526.354823710724,6.047006012925907,,91.90298516989486,14.587736375008802,77.31524879488613,-2.3447684086206,3.6293777314127476,13.5992963325,17751.2,81.9348,2734450.0,1.0578756789263726,11.52042536671477,18.08,,19.11496778,,
PNG,28993178882.897602,2836.407163344826,3.5019214364615494,2.7954,,,,,0.7593757933633017,2.39636916,10199589.6,13.5972,480606317.51832706,1.6607297926165479,36.16509709214696,0.61,65.48786529,31.989812503,28.6,1004.064
POL,743567887898.75,20169.11749302114,7.6344240804387145,2.8898,108.76595670721993,56.4069202453937,52.35903646182618,19.651480695096,4.578179836273193,6.559244443999999,36912223.2,60.160000000000004,124592796767.3814,16.8045242138305,28.395943551826242,40.31,75.4021086,4.088271139,23.1,18987.168
PRE,1475876913356.2239,1403.533600646016,5.397631890420092,5.210119639372996,,26.17659991450166,26.24128860754618,,3.12095222216143,4.32461395909245,1051792391.4,43.63884945688786,148610327893.30582,10.066178441831616,32.3926400998531,,,,,
PRI,113523540000.0,35126.65735873442,,6.7974000000000006,99.00898760378479,54.57066956956744,44.43831803421724,,4.083521642758532,,3234305.0,93.6162,51626220000.0,45.5876691349297,48.857580748878256,,83.51311535,,10.1,
PRK,,,,2.8886,,,,,,,26322943.6,62.928999999999995,,,,36.28,75.64984451,16.069266411,19.0,2935.559
PRT,268190721519.11163,25572.43299069714,3.1626647799943313,6.4564,89.75023104409361,44.45444339716214,45.29578764693154,19.8720440792642,4.72970660527547,10.331463432000001,10474610.8,67.3738,32310227073.580517,12.074580038440299,18.74256101999178,58.51,83.88307768,2.787077223,14.8,1656.294
PRY,40982432087.84516,6052.823462854162,4.957698253553184,6.7002,73.09535256701596,36.47859515242628,36.61675741458966,20.81387762095988,3.5373850464820853,7.65174055,6764336.8,62.827,7860161728.70123,19.165288264727742,33.7056324676312,38.93,67.62709698,13.596538687,13.8,448.582
PSE,16873040000.0,3351.898801285148,12.756724110582072,25.56833333333333,76.72270315492005,17.984073931287238,58.73862922363283,14.550910110883478,5.43442010879517,9.907491685,5044911.4,77.2944,1962833333.3333333,11.145350543069599,17.3687465946813,,75.87512392,13.264616256,22.3,
PSS,10514351593.971899,3951.371990209572,4.221158836258196,3.189613800127804,92.0535180244642,30.300171861191977,58.642998925586994,13.079974805794967,,6.15688148051455,2657751.0,39.283317527747684,789153288.4794942,7.555385120664026,13.958695699305775,,,,,
PST,57340717880633.98,51167.78141115018,3.7105745801102623,5.229661239055586,58.95517853843986,28.777138737032338,28.93695501622576,22.538853531021523,5.1214516957600935,13.65474042193385,1120376869.2,82.0805622201785,7032762239871.934,12.28022322120348,20.82309394683858,,,,,
PYF,5985586266.749628,21365.5449101717,,12.1738,58.352462660284054,16.692977320174883,41.65948534010917,,,,280460.8,62.1838,263669560.585495,4.72964986303904,10.646123379638,,,,,
QAT,198167695000.0,73721.72684895915,1.8108836519385663,0.1332,94.3373002181469,58.814436155842166,35.52286406230467,50.224602427887994,3.2336699962616,3.0193312775,2694049.0,99.3144,17041797181.31868,8.548052767829146,59.304838028366284,30.22,77.97981478,4.58880805,12.5,15.761
ROU,313701955023.65283,16420.72995654316,7.519496767221867,5.4414,83.70809485502612,39.0708882310869,44.63720662393922,18.15702023747994,3.391379992167153,6.0398041,19112926.0,54.512800000000006,42630915612.96846,13.83156720401514,26.323351933135143,36.25,72.76430945,4.88165843,21.5,546.266
RUS,1971843253394.8237,13440.275390625,5.038059145977545,3.9677999999999995,43.935676254227175,25.530844127553202,18.404832126674002,29.9906386802152,4.057450427416033,6.8962391625,144317764.8,75.1386,259187244084.99335,13.15542683112968,30.97230657611642,51.11,70.017337,4.024765616,14.7,1899.157
RWA,12630539977.50672,922.0809395707496,9.741620196341982,13.4068,61.0976361223495,23.42686184091002,37.67077428143952,13.878164554367451,4.656113529085092,7.2342625824999995,13656633.0,17.7388,1175847448.8341112,9.283806785850654,20.40584218097876,0.9,67.54213882,27.125530324,20.0,116.843
SAS,3909131788534.176,2368.005714831138,5.46338617610126,5.488810488139194,43.38824594173974,20.00766371176968,22.98438899687696,30.51888082926062,2.921341716162792,3.1848062825655523,1648766689.8,35.80024428614112,557243763834.8737,14.31292266188484,26.17326689903154,,,,,
SAU,1089160373333.3334,33196.77945703452,2.599567396078,5.5548,52.8429493773854,29.671419717093237,23.17152966029216,30.140288188393562,5.11466979980469,5.6671755325,32703025.6,84.729,163071626666.6666,14.82034163657994,45.964392797811676,34.06,76.42921259,4.780772897,13.9,6195.009
SDN,40547815947.71692,824.5508789062496,220.38642779207203,10.177333333333333,4.343355958286244,2.249511187889354,2.093844770396888,5.453509404947983,,3.757715045,48946251.0,35.979200000000006,,,17.38932479966019,2.5,66.24965038,34.503943993,21.2,1451.9
SEN,28559643022.202618,1615.048967162178,4.232853983006669,3.1012,70.32317257962919,24.64046873618252,45.68270384344666,25.004550921836724,5.8623249986697274,4.5381621125,17648149.2,49.093399999999995,4215335889.9422426,14.78399224453182,24.071351879756257,1.09,69.4721467,30.207779582,21.4,116.296
SGP,469520248382.291,81570.31490589063,3.0996360690263165,3.7914000000000003,328.32328178180217,182.188946222727,146.1343355590754,41.212891788129596,2.4679757166160763,5.0082530975,5746180.6,100.0,86792324980.98409,18.65017091143374,23.04391510241072,28.34,81.57605503,1.722070412,13.3,333.464
SLB,1609393078.2522678,2058.2204073466064,3.714787953283827,1.2312,68.29855862253683,27.13337654253863,41.165182079998196,18.0554612325083,8.689185586358578,4.7758357525,781471.6,25.5814,141518025.178146,9.186742681577611,17.98692079182253,2.38,62.55214723,17.858740658,44.7,20.059
SLE,6990272862.107931,844.8375400128782,25.76114834046466,3.3036000000000003,47.6147579541703,16.930624808969537,30.684133145200782,11.42124940018465,4.6216732395252205,8.739170075,8277300.2,43.841,519014211.85341084,7.417639313116814,22.16445387170664,1.34,61.0228635,50.886677362,24.7,83.96
SLV,31010670000.0,4931.901386942114,3.038656206339478,3.633,80.67602216166031,29.97992486755212,50.6960972941082,18.96745078732252,3.41676753759384,9.43174982,6283718.2,74.74359999999999,4185320000.0,13.62288262916324,23.436883791216598,16.16,76.24875651,9.989773874,12.6,113.806
SMR,1743937023.3661568,50953.39988741073,2.7963344192009343,,339.269804466813,182.06844242718134,157.20136203963133,36.05457802486577,3.14369002978007,7.88717866,34122.8,97.72380000000001,570118760.1304866,32.627643932538334,36.61522733588637,46.29,,1.250274792,,
SOM,10278438115.999893,574.97398917614,,19.185399999999998,86.51747099786051,17.44817137079846,69.06929962706207,,7.0582497119775e-06,2.407186985,17818457.0,47.327,,,,0.48,51.74982512,73.148684031,27.6,172.992
SRB,71851526705.89508,10721.487384657816,6.936916318561399,8.5902,114.11186171284581,53.39258684868266,60.71927486416312,20.9194462163604,3.2108299732208234,9.2582209125,6721657.2,56.8908,9648272188.636072,14.362025087563476,24.23959725570236,30.99,75.62155242,4.925812716,26.4,557.609
SSA,1796078479743.3442,1627.577207296418,5.497421919801628,6.659652054763981,58.333622547294624,26.88220069383728,26.982403121245778,,3.2615984278555574,5.115245204260255,1104089253.2,44.69387009519756,213532517369.0852,11.8751387827708,27.748644399094083,,,,,
SSD,,,25.465772973241677,13.342500000000001,,,,,,7.8431594375,11202441.2,20.8628,,,,0.41,56.47971379,66.826418239,25.5,326.318
SSF,1913355048447.982,1556.819820931732,5.5692981744901635,6.340054057247076,56.714225555628126,25.862278381534416,26.53230136180698,19.1063508805712,3.3166404602764024,5.0025521036514355,1229639399.2,42.44850212156392,218866426371.56097,11.42717614499374,27.4122892476078,,,,,
SST,263170688435.702,13236.225553179062,3.2801994307467153,8.219635854638254,136.06061224318975,73.97426071886711,70.6784726792868,21.9407746288381,4.835691029585215,7.201477124678508,19850620.2,51.8517886154509,22539627074.830376,8.983216956062225,24.055709367317526,,,,,
STP,595938349.3830262,2621.061622995876,14.314714923174733,9.303799999999999,,,,,5.197985201241893,7.031081915,226421.6,75.7194,,,4.23856069412553,4.64,69.59341497,10.41859049,19.5,14.638
SUR,3596149599.4521513,5758.891131186102,42.85448121672614,8.0734,,,,,3.7541621617323377,6.6456899675,623338.8,66.3238,820472114.4219235,24.526731542861825,39.09194934848105,13.55,72.70139066,15.184857789,18.8,1.86
SVK,123970088525.01498,22804.79727451196,6.230050137735942,6.1659999999999995,180.9291746898088,90.10272515410934,90.82644953569958,17.50501446538006,4.6972832679748535,7.3832591775,5437327.0,53.937599999999996,20928513348.69178,16.921775121201723,28.03191300984842,36.97,78.01092046,4.530701852,16.6,1467.061
SVN,63295044137.826355,29930.54728135058,4.021682170162002,4.147,162.4864467192084,84.20350517690704,78.28294154230139,25.955405399723663,5.363776842753094,9.283517838,2113871.8,55.7644,12532184489.80022,19.8446928483689,28.71855033559582,33.67,80.41495666,1.980349204,8.1,60.647
SWE,591567599317.1771,56483.197054688644,4.482859430349261,8.108799999999999,98.40313116151914,51.08468006024674,47.31845110127242,31.14305779623884,7.6248900095621766,10.930482484,10472507.0,88.4842,80624679036.12558,13.61751952573284,22.93872736919614,44.08,81.02212976,1.826962104,9.2,128.169
SWZ,4628709844.658634,3797.7070838907603,,34.388400000000004,91.8513876830548,45.4477285696982,46.403659113356696,21.938306763649898,5.44409968664164,7.5205816025,1218313.4,24.5838,1297718788.10307,28.3822298724219,33.329311514161326,5.57,54.59266973,43.549378967,32.3,239.657
SXM,1497915010.8589041,35456.28573862224,,,,,,,4.09892170555004,,42163.4,100.0,15595782.122905001,1.206144487917225,6.5426162254613995,,,,,
SYC,1848538290.446736,16396.51859381988,2.57484510094394,,179.25548596324842,81.10177393719177,98.15371202605672,-1.7766254713316,4.29130263434953,4.9571733474999995,111745.0,58.3952,99126480.91387103,5.537378920714518,12.69120836035816,65.98,74.01196664,12.101952321,17.8,1.424
SYR,17504306185.909576,783.7534387079693,,13.897,47.2160961594195,12.003034975048493,35.213061184371,,,4.1281709074999995,22681564.8,56.7642,,,17.253432897701668,15.21,72.43803165,17.014879298,21.3,624.749
TCA,1394599200.0,30455.548273874105,,,,,,,3.053624737076916,,45641.8,94.0332,7062600.0,0.5131970607432844,9.962674135518247,,,4.222884559,,
TCD,17873348098.79324,956.8980237946118,5.843038208605477,1.3026,44.97775650649338,27.45038318789556,17.52737331859782,,2.857710750472705,4.13496643,18625291.0,24.0842,,,29.09741399704282,0.85,59.08581443,58.687529342,23.4,519.545
TEA,20875294225400.78,9909.181835578287,3.762138642783598,4.132028593037302,44.13601004045624,23.231681172501162,20.89964216485228,41.48710214088205,2.8503073128230927,5.20876011399156,2106232694.2,59.14811254082353,5246427260972.103,25.13886383815708,37.132167437807,,,,,
TEC,5092557925368.658,11043.90029312056,6.923717071940456,5.9306650818836655,66.6645786719748,35.60548467391254,33.43527417496382,26.445502569835742,4.090913222931728,6.222661970850103,461346657.2,67.00839082264082,771155619788.67,15.191543876876818,29.30689525840146,,,,,
TGO,8601799583.995493,944.157637997693,4.440995947343608,2.0822,60.50458750150447,24.15612900183456,36.3484584996699,21.0506318082178,4.058308570723172,5.9399770499999995,9091482.0,43.92659999999999,1051155810.9838415,12.716081373923899,20.13352913393578,0.8,66.41721819,39.463099021,27.9,933.504
THA,508923762845.292,7098.488260861011,1.723527022631147,0.9359999999999999,122.70225183907738,62.18700629508489,60.51524554399248,26.277749502953718,2.8170896066071425,4.66361046,71694918.2,52.88199999999999,131236650646.3046,25.80651880064368,33.71094115790338,5.41,75.29014364,8.047869053,17.6,1603.62
TJK,10846807787.91005,1060.5842909121916,,11.8938,64.66131352024287,18.762801491157397,45.898512029085474,40.51755912541743,5.088204504699668,7.9605599625,10175833.2,27.9914,1505714657.567095,15.094491155032376,34.32889344762465,18.7,73.49938753,25.783627811,18.1,1264.017
TKM,55933235490.723366,7720.882995974338,,4.2944,35.113733923487025,21.220099163550326,13.893634759936699,,3.4761375188827524,5.4968745725,7226216.8,53.50699999999999,,,38.55671329181955,19.3,65.70659259,35.613937101,21.4,2227.481
TLA,5941205122265.004,9296.586449318256,4.463237900173632,7.842408025649059,50.42420922507136,26.11599405869992,26.6219782520852,17.46841000167006,4.00441008458844,8.076642255836468,638230626.2,81.5732633923978,1021061119302.794,17.13152172162452,30.57486354983174,,,,,
TLS,2591457027.773232,1900.922029593324,4.336384435856745,1.9573999999999998,92.8850613323167,44.679725574948776,48.20533575736795,21.384835209400062,3.9557653310695664,10.4302623275,1366082.2,32.0774,33979700.0,1.3037571460849142,44.32982978836665,7.52,66.52957629,35.927039793,19.5,61.384
TMN,1961208539707.054,2751.383674706418,5.753802771034792,9.244120208730696,53.95457933766012,23.61735179137888,28.33970303347156,22.759196327095424,3.4069660373710335,4.915303266469805,711808658.0,51.7238247199144,250501408189.86526,13.05334080102975,33.05637870672426,,,,,
TON,510499867.2745857,4852.4668961328125,5.159382983018912,2.3132,79.77116625917564,15.370827224569524,64.40033903460613,25.981269444867475,5.173847422120496,6.6888709075,105001.6,23.1396,26146568.66437405,5.122610052606557,15.515960060647725,10.14,70.21465679,8.029374481,31.0,0.993
TSA,3909131788534.176,2368.005714831138,5.46338617610126,5.488810488139194,43.38824594173972,20.007663711769702,22.98438899687696,30.5188808292606,2.921341716162792,3.1848062825655523,1648766689.8,35.80024428614112,557243763834.8737,14.31292266188484,26.17326689903154,,,,,
TSS,1913355048447.982,1556.819820931732,5.5692981744901635,6.340054057247076,56.714225555628126,25.862278381534402,26.53230136180698,19.1063508805712,3.3166404602764024,5.002552103651433,1229639399.2,42.44850212156392,218866426371.56097,11.42717614499374,27.4122892476078,,,,,
TTO,25119462175.033478,18373.27899343022,2.7285574470270686,4.3582,,,,,3.2366149425506574,6.97410977,1367186.2,53.364,4047248312.89729,16.253850579593248,37.84514959312088,41.57,68.41079132,17.211429548,23.6,38.139
TUN,47224010995.474525,3893.0376326209284,7.2365150317052125,16.1752,102.34185635258716,46.56762528330414,55.774231069283076,7.004571776257346,6.870975046922617,6.753832935,12123910.6,70.2188,6707995764.195513,14.6679958102684,23.2752135296147,13.15,74.06842662,11.254881388,14.7,2565.02
TUR,977765983105.8656,11527.080347711595,43.310029123215244,10.6838,67.1389437169321,32.68191866766308,34.45702504926902,27.778423672345742,3.5558067162831635,4.3099974974999995,84671307.4,77.0104,184830291741.00323,20.758125016365277,28.95452476765892,22.36,75.27238945,8.477152522,20.7,3698.198
TUV,58322323.42531913,5784.324202867762,,,,,,,14.167917650856225,19.6391563425,10009.4,65.499,,,,13.46,,17.129033797,,
TZA,74067321830.62363,1179.071997070314,3.6375323871338203,2.6696,34.5213612883512,16.01270388790108,18.50865740045012,36.329071675748274,3.1995895100414478,3.4150927075,64738558.8,36.6816,6024134940.782068,8.128011369549762,27.75947200848298,1.34,65.23878398,26.819296865,18.8,801.711
UGA,45223264074.724625,953.3296665981956,4.277602503289362,3.1734,37.605920988893715,14.344944695231721,23.26097629366204,21.78179799738614,2.5897360693123765,4.7257177825,47270498.8,26.1652,7168327177.706744,15.8881778366003,26.203633823599056,1.91,65.98577935,30.496342057,25.0,908.944
UKR,178067176781.1492,4642.8914550781265,10.326054972488542,9.654499999999999,80.9027106507946,34.533156872063635,46.36955377873096,13.22479375258786,5.26121497154236,7.61888981,41124095.4,69.93260000000001,15957650629.353,8.942447089759073,20.01526311470464,35.311,70.90674708,8.552918245,24.8,21641.708
UMC,28115536765336.977,10028.792744910457,4.610755314575632,6.102899909849768,47.017354854389325,23.59656103224894,21.81081227729172,34.422332908414106,3.858735024929045,5.768781522024685,2802501963.6,67.89163198570942,6279511129828.758,22.36084403395322,34.755910953271595,,,,,
URY,68769146466.8086,20276.78087774734,7.46538949595534,8.874799999999999,54.49072265954512,29.87311439788046,24.61760826166466,14.98752775105692,4.58054006099701,9.0429811475,3392249.0,95.6858,6878662679.757088,10.016229212012451,17.18113747471532,46.74,78.74074445,6.128542847,17.4,123.974
USA,25589553600000.0,76336.86825319,4.200021333812374,4.9596,24.99449571426576,10.87504961811668,14.11944609614908,18.21404106062662,5.40785002708435,17.3692579275,334922404.0,83.08680000000001,2599269200000.0,10.157647603802838,17.55325573130606,36.81,76.37368104,5.491738095,13.7,5723.832
UZB,90297284940.83084,2571.227190599172,10.949691711820702,4.819,60.63686795110207,22.73607421727182,37.90079373383024,28.17871482109418,4.820919365112152,6.7932162300000005,34956637.8,50.493399999999994,17608353239.85912,19.44554577850586,31.74751739316732,23.1,72.18877681,11.008593285,24.6,221.085
VCT,994375555.5555569,9753.92663004524,2.959396075094936,19.4048,,,,,6.33259420684886,4.786304115,102070.4,53.876599999999996,37224444.44444444,3.7413450372656696,14.04334993432644,9.38,72.55709418,10.696850068,23.6,0.175
VEN,,,,6.2468,,,,,0.0031300000846386,3.7386208199999995,28320263.4,88.385,,,,16.64,66.85586071,21.477539369,22.5,5185.244
VGB,,,,,,,,,2.84670082410572,,38343.8,49.337,,,,,,11.649483708,,
VIR,4469333333.333333,42226.45369588043,,13.361,166.50773034965036,75.31866892137604,91.1890614282742,,,,105373.4,96.1312,,,,,,,,
VNM,407356326732.5698,4085.314294623096,3.017228595959194,1.8174,174.47334651736975,89.5298383542888,84.94350816308095,33.33089422905493,3.016363594431967,4.6081893425,99606964.4,38.7666,99274331113.96811,24.35878882608732,37.5681257477903,11.07,69.72524095,15.820098054,20.1,1449.089
VUT,1042000538.1963117,3321.018945947026,6.383610460198854,4.8202,64.33997520662064,12.454872689966058,51.8851025166546,32.304294220679196,7.642134025000107,4.0779794475,313191.6,25.825799999999997,25098112.844854236,2.579518842284853,8.865987174297496,1.64,69.81194005,13.176596782,36.8,6.292
WLD,101021889394053.58,12625.03774610208,4.431054412263537,5.548398017183748,57.2901640689665,28.73658987625334,27.90988762200264,25.593350653197,3.9842333549054025,10.216644859507927,7994673952.6,56.82287909111206,15898960616799.818,15.75709103306402,26.594542914593358,,,,,
WSM,910396378.0212647,4229.144295636068,4.524055327286388,5.724600000000001,75.4289618789104,22.24346817826386,53.185493700646575,27.039924347485403,5.48900753345909,6.236980915,215133.2,17.634999999999998,44187330.21618244,4.829590743384292,11.10599356731896,5.61,71.58085255,12.760458426,32.3,3.678
XKX,9620454908.658253,5678.581282717062,4.339240820556737,,101.69414468407068,35.0582425149179,66.63590216915276,26.265240250382774,,,1710863.6,,1249897728.5735822,13.00344535636618,26.959100883047277,,,7.480357795,,
YEM,,,,17.556,,,,,,5.9932322525,38294386.4,39.19,,,,0.98,65.76206783,31.149801578,23.8,7517.563
ZAF,389348306734.6588,6244.665670328248,5.06548056029471,32.3516,59.692013731449876,31.33106691483432,28.36094681661556,14.70810951964838,6.205280017852784,8.6762530775,62332593.0,68.3306,48306330211.50246,12.39468212530486,24.43517768000192,7.94,58.90287177,24.417539886,22.7,10802.959
ZMB,24660339152.28246,1218.3481334714213,14.923437996740798,5.8186,78.2386407668822,44.9940995418948,33.2445412249874,43.07067161408497,3.697491477356513,6.2388708575,20170972.2,45.766200000000005,2086755096.073712,8.43110633563631,37.978845177558426,3.24,60.96884286,33.728738,21.6,471.915
ZWE,33263560605.658203,2061.5662476393677,253.48436436092675,9.1122,53.27841801738324,23.32511148293448,29.95330653444872,15.384153175482702,0.384771297211919,3.1504007549999997,16073669.8,32.4254,5669933633.287523,16.74167073026738,31.874638712212317,1.36,56.19460869,36.077838041,30.1,60.438
